H01,H02,H03,H04,H05,H06,H07,H16,H17,H25,MO012000,MO022000,MO032000,MO042000,MO052000,MO062000,MO072000,MO082000,MO092000,MO102000,MO112000,MO122000,MO012001,MO022001,MO032001,MO042001,MO052001,MO062001,MO072001,MO082001,MO092001,MO102001,MO112001,MO122001,MO012002,MO022002,MO032002,MO042002,MO052002,MO062002,MO072002,MO082002,MO092002,MO102002,MO112002,MO122002,MO012003,MO022003,MO032003,MO042003,MO052003,MO062003,MO072003,MO082003,MO092003,MO102003,MO112003,MO122003,MO012004,MO022004,MO032004,MO042004,MO052004,MO062004,MO072004,MO082004,MO092004,MO102004,MO112004,MO122004,MO012005,MO022005,MO032005,MO042005,MO052005,MO062005,MO072005,MO082005,MO092005,MO102005,MO112005,MO122005,MO012006,MO022006,MO032006,MO042006,MO052006,MO062006,MO072006,MO082006,MO092006,MO102006,MO112006,MO122006,MO012007,MO022007,MO032007,MO042007,MO052007,MO062007,MO072007,MO082007,MO092007,MO102007,MO112007,MO122007,MO012008,MO022008,MO032008,MO042008,MO052008,MO062008,MO072008,MO082008,MO092008,MO102008,MO112008,MO122008,MO012009,MO022009,MO032009,MO042009,MO052009,MO062009,MO072009,MO082009,MO092009,MO102009,MO112009,MO122009,MO012010,MO022010,MO032010,MO042010,MO052010,MO062010,MO072010,MO082010,MO092010,MO102010,MO112010,MO122010,MO012011,MO022011,MO032011,MO042011,MO052011,MO062011,MO072011,MO082011,MO092011,MO102011,MO112011,MO122011,MO012012,MO022012,MO032012,MO042012,MO052012,MO062012,MO072012,MO082012,MO092012,MO102012,MO112012,MO122012,MO012013,MO022013,MO032013,MO042013,MO052013,MO062013,MO072013,MO082013,MO092013,MO102013,MO112013,MO122013,MO012014,MO022014,MO032014,MO042014,MO052014,MO062014,MO072014,MO082014,MO092014,MO102014,MO112014,MO122014,MO012015,MO022015,MO032015,MO042015,MO052015,MO062015,MO072015,MO082015,MO092015,MO102015,MO112015,MO122015,MO012016,MO022016,MO032016,MO042016,MO052016,MO062016,MO072016,MO082016,MO092016,MO102016,MO112016,MO122016,MO012017,MO022017,MO032017,MO042017,MO052017,MO062017,MO072017,MO082017,MO092017,MO102017,MO112017,MO122017,MO012018,MO022018,MO032018,MO042018,MO052018,MO062018,MO072018,MO082018,MO092018,MO102018,MO112018,MO122018,MO012019,MO022019,MO032019,MO042019,MO052019,MO062019,MO072019,MO082019,MO092019,MO102019,MO112019,MO122019,MO012020,MO022020,MO032020,MO042020,MO052020,MO062020,MO072020,MO082020,MO092020,MO102020,MO112020,MO122020,MO012021,MO022021,MO032021,MO042021,MO052021,MO062021,MO072021,MO082021,MO092021,MO102021,MO112021,MO122021,MO012022,MO022022,MO032022,MO042022,MO052022,MO062022,MO072022,MO082022,MO092022,MO102022,MO112022,MO122022,MO012023,MO022023,MO032023,MO042023,MO052023,MO062023,MO072023,MO082023,MO092023,MO102023,MO112023,MO122023,MO012024,MO022024,MO032024,MO042024,MO052024,MO062024,MO072024,MO082024,MO092024,MO102024,MO112024,MO122024,MO012025
P0043.1,Liquidations,LIQ00000,Liquidations,Total,,,Actual figures,Number,Monthly,193,229,326,273,258,383,314,511,490,269,348,211,298,382,317,357,331,294,307,504,337,410,346,273,398,416,334,345,299,297,349,339,336,333,254,211,395,328,227,359,346,345,339,406,466,351,329,195,388,298,301,244,262,301,291,260,437,253,218,257,328,296,240,279,265,265,318,273,297,234,234,196,171,213,241,198,311,262,261,333,238,219,313,266,176,192,241,236,273,181,272,387,507,286,194,206,160,230,297,247,265,233,320,285,328,348,240,347,270,391,347,349,283,311,428,264,334,287,487,382,206,328,410,358,384,379,281,243,341,393,344,325,313,399,350,267,107,156,251,302,330,363,398,323,200,200,312,274,269,213,147,241,236,235,195,194,245,271,285,240,130,193,194,203,152,191,127,143,132,171,206,149,221,199,213,162,151,168,169,123,136,158,208,155,179,158,190,177,149,195,138,119,135,193,161,141,177,122,185,181,172,184,160,123,91,146,188,150,124,154,128,179,161,194,216,137,101,167,197,113,175,154,147,155,159,196,140,141,139,146,178,173,216,163,183,176,137,178,219,134,125,164,145,0,195,134,193,228,211,215,272,153,122,178,216,158,191,132,165,165,152,172,159,122,120,160,182,138,188,145,165,157,170,157,166,159,81,162,168,112,151,128,140,142,156,136,144,137,109,138,138,128,125,121,133,128,117,196,128,90,106
P0043.1,Liquidations,LIQ10000,Liquidations,Companies,Total,,Actual figures,Number,Monthly,91,151,241,166,130,173,89,152,93,106,112,122,107,119,132,129,156,129,144,149,136,166,181,123,130,212,183,161,117,145,183,173,164,118,106,166,200,188,127,151,162,178,141,202,260,235,136,130,191,132,148,119,128,136,132,114,141,126,90,75,130,154,123,176,122,132,177,124,143,115,95,113,85,107,127,100,131,140,145,143,122,132,183,167,99,96,114,143,157,104,129,243,416,175,94,127,87,117,108,104,108,100,170,98,177,165,111,228,114,229,152,148,109,147,201,100,162,136,161,230,96,161,177,176,203,194,128,93,136,204,174,197,156,199,145,97,36,52,81,180,190,167,152,151,97,75,115,105,130,105,74,133,136,109,72,108,121,123,147,104,56,96,92,97,82,100,55,75,74,87,89,78,108,104,109,86,75,78,75,65,79,80,101,70,87,90,93,87,79,88,59,56,66,100,78,80,96,65,108,97,85,98,72,67,42,81,80,73,56,84,62,94,85,106,107,88,67,94,92,64,109,74,77,68,65,102,71,89,64,78,96,89,114,85,108,78,82,98,119,68,72,83,85,0,110,80,115,135,118,119,150,97,63,93,111,81,103,68,94,84,83,98,104,75,85,96,112,61,75,79,95,96,103,83,105,101,43,91,79,63,91,70,78,66,84,78,91,87,71,75,66,69,74,67,76,62,60,107,78,46,57
P0043.1,Liquidations,LIQ11000,Liquidations,Companies,Compulsory,Total,Actual figures,Number,Monthly,32,57,147,87,40,100,32,48,31,21,25,39,34,17,28,27,41,53,41,38,54,51,35,24,19,46,32,53,12,29,33,17,22,22,25,29,37,28,17,17,28,31,29,69,60,42,38,27,16,15,32,6,20,16,31,11,33,22,12,9,6,43,23,13,30,7,62,21,17,22,18,13,18,4,23,5,5,35,6,11,18,13,43,37,4,4,5,19,3,2,4,89,34,26,7,8,8,15,10,8,17,6,4,6,3,34,10,1,18,11,8,27,9,14,20,10,1,10,3,0,3,12,19,13,24,3,25,11,3,38,15,30,18,16,12,0,3,1,4,0,18,59,42,47,37,11,11,2,3,14,0,34,41,14,6,2,3,5,32,10,7,11,9,11,9,4,2,14,16,7,6,24,20,54,26,20,13,22,6,8,9,16,18,5,16,22,21,12,3,8,7,3,9,9,6,17,9,4,9,6,17,13,6,8,3,12,6,3,5,11,4,14,25,23,9,8,5,22,5,14,5,8,9,15,22,11,8,4,8,7,5,16,19,13,16,5,6,8,30,2,16,1,4,0,9,11,12,9,13,21,46,14,12,5,8,9,14,8,6,6,5,16,9,7,12,17,16,15,7,10,12,8,14,15,10,3,4,25,17,9,13,8,13,7,12,11,9,2,7,9,9,15,6,11,10,9,4,18,18,4,11
P0043.1,Liquidations,LIQ11100,Liquidations,Companies,Compulsory,"Agriculture, hunting, forestry and fishing",Actual figures,Number,Monthly,0,0,2,4,0,4,0,0,0,0,0,0,0,0,0,0,0,0,0,1,0,1,0,0,0,1,2,0,0,1,5,0,0,0,0,1,0,2,0,0,1,0,0,0,3,0,0,1,0,0,0,0,0,1,0,0,1,0,0,0,0,0,0,0,0,1,0,1,0,2,0,0,0,0,0,0,0,0,0,0,0,1,2,0,0,0,0,0,0,0,0,2,1,0,0,0,0,0,0,1,1,0,2,0,0,0,0,0,1,0,0,2,1,0,1,1,0,0,0,0,0,1,2,1,0,0,0,0,0,1,0,0,2,1,0,0,0,0,0,0,0,0,2,1,1,0,1,0,0,0,0,2,0,0,0,2,0,0,0,0,0,0,0,0,0,0,0,2,2,0,0,0,0,0,1,4,0,1,0,0,1,0,0,0,0,0,0,0,0,0,1,0,0,0,0,0,0,0,1,0,0,0,0,0,0,0,0,0,0,0,0,0,0,0,1,0,0,2,0,0,0,0,0,0,0,0,0,0,0,0,0,0,0,0,1,1,0,0,0,0,0,0,0,0,0,0,0,0,0,1,0,0,0,0,0,0,1,0,0,0,0,0,0,0,0,0,0,0,1,0,0,0,0,0,0,0,0,0,0,0,0,0,0,0,0,0,0,0,0,0,0,0,0,0,0,0,0,0,0,0,0
P0043.1,Liquidations,LIQ11200,Liquidations,Companies,Compulsory,Mining and quarrying,Actual figures,Number,Monthly,0,0,1,0,0,0,1,0,0,1,0,0,0,0,0,1,0,0,0,1,0,1,0,0,0,0,0,0,0,0,0,0,0,0,0,1,2,1,0,0,0,0,0,0,3,1,0,0,0,0,0,0,0,1,2,0,1,1,0,0,0,0,0,0,1,0,0,0,0,0,1,0,0,0,0,0,0,0,0,2,0,0,0,0,0,0,0,0,0,0,0,20,0,1,0,0,0,0,0,0,1,0,0,0,1,2,0,0,0,0,0,0,0,0,0,0,0,0,0,0,0,1,0,0,0,0,0,0,0,2,0,0,0,0,0,0,0,0,0,0,0,0,0,1,1,0,0,0,0,0,0,2,0,0,0,0,0,2,2,1,0,0,0,1,0,0,1,0,0,0,0,0,0,0,0,1,0,0,0,0,0,0,0,0,0,0,0,1,0,0,0,0,0,0,0,0,0,0,0,0,0,0,0,0,0,0,0,0,0,0,0,0,0,0,0,2,0,1,0,0,0,1,0,0,1,0,0,0,0,0,0,0,0,0,0,0,0,0,2,0,1,0,0,0,0,0,2,0,0,0,1,0,0,0,0,0,0,0,0,0,0,0,1,0,1,0,0,0,0,0,0,0,0,0,0,0,0,0,0,0,1,0,0,0,0,0,0,0,0,0,0,0,2,0,0,0,0,0,0,0,0
P0043.1,Liquidations,LIQ11300,Liquidations,Companies,Compulsory,Manufacturing,Actual figures,Number,Monthly,1,9,18,6,7,24,7,4,4,3,6,13,5,1,5,5,5,10,3,6,5,10,1,2,2,3,3,4,1,1,5,1,3,3,1,2,5,4,1,1,1,3,3,8,6,5,7,5,1,2,6,2,1,0,2,1,4,1,0,0,2,3,1,0,2,0,4,2,1,4,0,0,4,0,0,0,1,1,0,0,1,1,0,12,0,1,0,0,2,1,0,3,10,1,2,1,1,1,4,2,0,1,1,0,1,1,1,0,1,0,1,4,0,0,0,1,0,0,0,0,0,0,0,1,1,0,0,0,0,0,0,4,3,1,0,0,0,0,0,0,0,6,6,3,5,0,0,0,0,0,0,1,1,0,0,0,0,0,0,0,2,1,0,1,1,0,0,0,1,2,0,2,0,2,0,1,0,1,0,0,0,0,0,0,1,0,0,0,0,0,0,0,0,1,0,0,1,0,0,0,1,0,1,0,0,0,0,0,0,0,0,0,0,2,1,0,0,1,0,2,0,0,0,0,0,0,1,0,1,0,0,0,1,2,0,0,1,2,3,0,1,0,0,0,0,0,0,0,0,2,2,1,0,0,0,1,0,0,0,0,1,0,0,0,0,1,3,0,0,1,0,3,0,0,0,0,0,1,0,0,0,1,1,0,0,0,0,0,0,0,0,1,2,0,0,0,0,1,0,0,0
P0043.1,Liquidations,LIQ11400,Liquidations,Companies,Compulsory,"Electricity, gas and water",Actual figures,Number,Monthly,0,0,0,0,0,0,0,0,0,0,0,0,0,1,0,0,1,0,0,0,0,0,0,0,0,0,0,0,0,0,0,0,0,0,0,0,0,0,0,0,0,0,0,0,0,0,0,0,0,0,0,0,0,0,0,0,0,1,0,0,0,0,0,0,0,0,0,0,0,0,0,0,0,0,0,0,0,0,0,0,0,0,0,0,0,0,0,0,0,0,0,7,0,0,0,0,0,0,0,0,0,0,0,0,0,0,0,0,0,0,0,0,0,0,0,0,0,0,0,0,0,0,0,0,0,0,2,0,0,0,0,0,0,0,0,0,0,0,0,0,0,0,0,0,1,0,0,0,0,0,0,0,1,0,0,0,0,0,0,0,0,0,0,0,0,0,0,0,0,0,0,0,0,2,0,0,0,0,0,0,0,0,0,0,0,0,0,0,0,0,0,0,0,0,0,0,0,0,0,0,0,0,0,0,0,0,0,0,0,0,0,0,0,0,0,0,0,0,0,0,0,0,0,0,0,0,0,0,0,0,0,0,0,0,0,0,0,0,0,0,0,0,0,0,0,0,0,0,0,0,0,0,0,0,0,0,0,2,0,0,0,0,0,0,0,0,0,0,0,0,0,0,0,0,0,0,0,0,0,0,0,0,0,0,0,0,0,0,0,0,0,0,0,0,0,0,0,0,0,0,0
P0043.1,Liquidations,LIQ11500,Liquidations,Companies,Compulsory,Construction,Actual figures,Number,Monthly,0,2,13,2,2,7,1,5,4,0,0,1,1,0,2,2,4,4,3,1,5,1,0,0,2,5,1,6,4,1,0,1,0,0,1,3,4,0,2,1,0,1,0,0,2,1,0,2,1,1,1,0,1,1,1,1,2,2,0,1,0,0,0,2,2,0,1,1,0,2,0,0,0,0,1,0,0,7,1,0,0,0,1,1,0,0,0,0,0,0,0,18,3,1,2,0,1,1,0,0,0,1,0,1,0,3,1,0,0,0,0,0,1,0,0,0,1,1,0,0,0,0,0,0,1,1,1,0,0,0,0,4,3,2,0,0,3,0,0,0,0,2,1,1,1,0,0,0,0,0,0,1,3,0,0,0,0,0,1,2,0,0,0,0,1,0,0,0,0,0,2,0,0,3,0,1,0,1,0,0,0,1,3,0,0,1,0,0,0,0,0,0,0,0,0,0,0,0,0,0,1,1,0,0,0,4,0,0,0,0,0,0,1,0,0,0,0,3,0,0,0,0,0,0,1,0,1,0,0,0,0,1,0,0,0,0,0,1,0,1,0,0,1,0,1,1,0,1,0,0,7,1,1,0,0,0,0,0,0,0,0,0,0,0,5,0,0,0,1,0,1,0,0,0,0,1,0,1,1,0,0,0,0,1,0,0,0,0,1,1,0,0,0,0,1,1,0,0,2,0,0
P0043.1,Liquidations,LIQ11600,Liquidations,Companies,Compulsory,"Wholesale and retail trade, catering and accommodation",Actual figures,Number,Monthly,19,25,63,36,20,34,16,17,16,10,16,13,14,11,9,13,15,19,16,15,20,13,12,9,8,17,9,22,3,12,9,5,4,7,10,9,15,6,4,7,11,11,8,20,10,12,14,8,5,1,4,2,5,7,10,2,4,15,2,1,2,10,8,6,11,3,18,6,3,7,3,5,3,1,10,3,2,7,1,3,7,3,4,10,1,1,2,9,0,0,2,10,9,7,1,1,3,7,3,2,1,1,1,0,1,11,2,0,8,11,6,12,2,9,10,1,0,4,2,0,0,2,10,4,2,0,10,7,0,11,2,7,1,2,2,0,0,1,2,0,5,29,11,15,4,7,2,2,1,9,0,13,18,4,0,0,0,1,10,1,0,4,3,4,1,2,0,3,1,0,0,9,3,6,8,1,4,6,1,1,1,3,6,1,2,3,4,0,0,1,1,1,2,1,2,5,2,1,2,1,2,1,2,3,0,1,2,1,1,3,2,4,4,4,1,2,2,5,3,0,0,0,0,2,1,0,1,0,1,0,1,3,5,2,2,1,2,0,4,1,1,0,0,0,1,3,3,3,1,3,6,2,2,0,2,1,1,3,0,0,0,3,1,1,1,8,2,0,1,1,3,1,0,2,1,0,0,1,1,0,4,0,4,0,2,1,1,0,1,0,2,4,0,0,0,0,0,1,3,0,2
P0043.1,Liquidations,LIQ11700,Liquidations,Companies,Compulsory,"Transport, storage, communication",Actual figures,Number,Monthly,0,1,3,0,0,1,0,3,1,0,0,0,2,0,0,0,1,0,0,0,0,3,3,1,1,4,4,2,1,0,0,0,5,0,2,0,2,0,0,1,1,1,0,5,4,3,0,0,0,1,0,0,1,0,1,0,0,2,1,0,0,2,2,2,0,0,3,1,1,0,0,0,1,0,1,0,0,1,0,3,0,0,0,1,2,0,0,0,0,0,0,1,0,0,0,0,0,0,0,0,0,0,0,0,0,1,1,0,0,0,0,0,0,0,1,0,0,2,0,0,0,1,0,0,2,0,0,0,0,0,0,1,1,0,0,0,0,0,0,0,0,0,2,2,2,0,2,0,0,0,0,0,0,0,0,0,0,0,0,0,0,0,0,0,0,0,0,0,0,0,0,2,1,1,0,0,0,0,1,0,0,0,0,0,0,1,3,0,0,0,1,0,1,0,0,0,0,0,0,0,0,0,0,0,0,3,0,0,0,0,0,0,0,0,0,0,0,0,0,0,0,0,0,0,1,1,0,0,0,0,0,1,0,0,1,0,0,1,0,0,1,0,0,0,0,0,0,0,0,0,1,0,0,0,0,0,0,0,1,0,0,0,0,0,0,0,0,0,0,0,1,0,0,0,1,0,0,0,0,0,0,0,0,0,0,0,1,0,0,0,0,1,0,0,0,0,0,0,0,0,1
P0043.1,Liquidations,LIQ11800,Liquidations,Companies,Compulsory,"Financing, insurance, real estate, business services",Actual figures,Number,Monthly,9,19,42,38,10,27,7,17,6,7,3,12,11,4,11,6,12,20,17,12,24,20,18,9,3,12,13,19,3,12,9,7,9,8,9,10,9,11,7,6,8,12,12,26,15,16,13,7,2,10,14,1,5,5,11,5,14,0,6,5,2,13,8,1,12,2,18,8,4,4,12,7,3,2,7,2,1,11,0,3,8,7,36,11,0,1,3,9,1,1,1,25,10,4,2,5,3,6,3,2,2,3,0,2,0,12,4,1,8,0,1,9,4,5,6,7,0,3,1,0,2,6,6,5,17,2,11,4,3,20,13,12,6,7,4,0,0,0,1,0,10,16,16,19,18,4,2,0,2,5,0,12,16,10,6,0,1,2,12,5,3,5,5,4,4,1,1,6,10,0,2,7,13,29,14,12,5,12,3,6,6,8,8,4,10,7,8,8,3,3,3,0,6,3,2,11,1,2,2,2,5,7,1,4,2,0,3,2,2,2,0,4,16,6,5,2,1,5,2,9,4,4,4,9,11,5,2,1,1,4,3,5,7,4,6,2,2,1,12,0,7,1,2,0,4,2,5,3,5,7,9,3,6,2,2,1,6,2,2,3,1,8,4,2,2,6,5,3,1,4,1,1,5,3,5,2,3,9,8,6,1,5,0,2,2,4,4,2,1,1,1,4,0,3,7,4,1,11,4,3,1
P0043.1,Liquidations,LIQ11900,Liquidations,Companies,Compulsory,"Community, social, personal services",Actual figures,Number,Monthly,3,1,5,1,1,3,0,2,0,0,0,0,1,0,1,0,3,0,2,2,0,2,1,3,3,4,0,0,0,2,5,3,1,4,2,3,0,4,3,1,6,3,6,10,17,4,4,4,7,0,7,1,7,1,4,2,7,0,3,2,0,15,4,2,2,1,18,2,8,3,2,1,7,1,4,0,1,8,4,0,2,1,0,2,1,1,0,1,0,0,1,3,1,12,0,1,0,0,0,1,12,0,0,3,0,4,1,0,0,0,0,0,1,0,2,0,0,0,0,0,1,1,1,2,1,0,1,0,0,4,0,2,2,3,6,0,0,0,1,0,3,6,4,5,4,0,4,0,0,0,0,3,2,0,0,0,2,0,7,1,2,1,1,1,2,1,0,3,2,5,2,4,3,11,3,0,4,1,1,1,1,4,1,0,3,10,6,3,0,4,1,2,0,4,0,0,0,0,0,2,1,0,0,0,0,0,0,0,1,1,0,0,0,0,0,0,1,0,0,0,0,0,0,1,1,0,0,0,0,0,0,0,1,0,0,0,0,1,0,0,0,0,0,0,0,0,0,0,0,0,0,0,1,0,0,0,0,0,0,0,0,1,0,0,0,0,0,0,2,0,1,0,0,0,0,0,0,0,0,1,0,0,0,0,2,0,0,0,0,0,0,0,0,0,0,1,0,0,0,0,0
P0043.1,Liquidations,LIQ119001,Liquidations,Companies,Compulsory,Unclassified,Actual figures,Number,Monthly,0,0,0,0,0,0,0,0,0,0,0,0,0,0,0,0,0,0,0,0,0,0,0,0,0,0,0,0,0,0,0,0,0,0,0,0,0,0,0,0,0,0,0,0,0,0,0,0,0,0,0,0,0,0,0,0,0,0,0,0,0,0,0,0,0,0,0,0,0,0,0,0,0,0,0,0,0,0,0,0,0,0,0,0,0,0,0,0,0,0,0,0,0,0,0,0,0,0,0,0,0,0,0,0,0,0,0,0,0,0,0,0,0,0,0,0,0,0,0,0,0,0,0,0,0,0,0,0,0,0,0,0,0,0,0,0,0,0,0,0,0,0,0,0,0,0,0,0,0,0,0,0,0,0,0,0,0,0,0,0,0,0,0,0,0,0,0,0,0,0,0,0,0,0,0,0,0,0,0,0,0,0,0,0,0,0,0,0,0,0,0,0,0,0,2,1,5,1,4,1,7,4,2,1,1,4,1,0,1,5,2,6,4,11,1,2,1,5,0,3,1,3,5,3,6,5,3,3,5,3,1,6,5,5,6,1,1,2,9,0,5,0,1,0,3,5,2,2,7,8,20,7,2,3,4,6,6,1,3,3,3,4,3,4,3,2,6,12,1,4,5,3,9,10,3,0,1,13,7,2,7,2,8,4,6,6,3,0,4,7,6,5,2,8,2,3,3,5,9,1,7
P0043.1,Liquidations,LIQ12000,Liquidations,Companies,Voluntary,Total,Actual figures,Number,Monthly,59,94,94,79,90,73,57,104,62,85,87,83,73,102,104,102,115,76,103,111,82,115,146,99,111,166,151,108,105,116,150,156,142,96,81,137,163,160,110,134,134,147,112,133,200,193,98,103,175,117,116,113,108,120,101,103,108,104,78,66,124,111,100,163,92,125,115,103,126,93,77,100,67,103,104,95,126,105,139,132,104,119,140,130,95,92,109,124,154,102,125,154,382,149,87,119,79,102,98,96,91,94,166,92,174,131,101,227,96,218,144,121,100,133,181,90,161,126,158,230,93,149,158,163,179,191,103,82,133,166,159,167,138,183,133,97,33,51,77,180,172,108,110,104,60,64,104,103,127,91,74,99,95,95,66,106,118,118,115,94,49,85,83,86,73,96,53,61,58,80,83,54,88,50,83,66,62,56,69,57,70,64,83,65,71,68,72,75,76,80,52,53,57,91,72,63,87,61,99,91,68,85,66,59,39,69,74,70,51,73,58,80,60,83,98,80,62,72,87,50,104,66,68,53,43,91,63,85,56,71,91,73,95,72,92,73,76,90,89,66,56,82,81,0,101,69,103,126,105,98,104,83,51,88,103,72,89,60,88,78,78,82,95,68,73,79,96,46,68,69,83,88,89,68,95,98,39,66,62,54,78,62,65,59,72,67,82,85,64,66,57,54,68,56,66,53,56,89,60,42,46
P0043.1,Liquidations,LIQ12100,Liquidations,Companies,Voluntary,"Agriculture, hunting, forestry and fishing",Actual figures,Number,Monthly,0,2,0,1,1,1,0,1,0,0,0,2,1,2,1,2,1,1,4,3,1,2,1,2,2,1,4,1,0,0,1,1,1,1,0,1,0,1,1,2,0,1,0,0,6,0,0,5,5,2,1,0,3,1,0,1,0,5,4,0,2,1,0,2,0,0,0,1,2,0,2,1,0,1,1,0,3,0,0,1,3,0,1,0,0,2,0,1,0,0,1,1,0,0,0,2,0,0,0,0,1,0,1,0,5,3,1,1,1,3,2,4,1,0,0,0,0,0,0,2,2,3,4,0,3,1,2,0,1,1,4,2,2,4,0,0,1,0,0,0,3,0,1,2,1,0,2,1,0,2,0,3,0,0,0,1,3,1,0,1,0,1,1,1,0,0,1,0,1,0,1,1,0,0,1,0,0,0,1,0,0,0,0,1,1,1,0,0,0,1,0,2,6,1,0,0,0,0,0,2,0,1,0,0,0,0,3,1,1,0,0,0,0,1,1,0,1,0,1,0,0,0,0,0,0,0,0,0,0,0,0,0,0,1,0,1,1,0,1,0,0,0,0,0,0,0,0,0,0,0,0,0,1,0,0,3,0,0,0,1,0,0,2,0,0,0,0,0,1,0,0,2,0,0,2,2,0,1,1,0,0,0,0,0,0,0,2,1,0,0,2,0,0,0,0,0,1,2,1,0,0
P0043.1,Liquidations,LIQ12200,Liquidations,Companies,Voluntary,Mining and quarrying,Actual figures,Number,Monthly,9,1,1,2,0,0,1,0,0,0,0,0,2,3,1,1,0,0,0,4,0,1,1,1,1,2,0,1,0,1,0,0,1,2,5,2,0,0,1,1,0,1,0,2,2,1,0,2,1,0,0,0,0,1,1,3,3,0,0,0,2,0,0,2,1,1,6,0,3,0,0,3,0,2,2,1,2,2,1,1,0,0,1,0,0,0,0,0,1,1,0,0,0,0,0,4,0,1,1,1,23,0,0,0,38,1,0,1,0,1,1,1,1,0,1,2,3,1,0,0,1,5,0,0,0,0,1,0,0,2,2,3,0,8,0,0,0,1,0,1,0,0,7,2,0,0,2,0,3,1,4,0,0,1,0,4,1,4,0,0,0,2,2,0,0,0,0,1,0,0,0,1,3,2,1,0,0,1,0,1,1,2,0,1,0,0,2,2,0,0,0,2,0,0,0,1,2,0,1,0,2,0,1,0,0,0,1,0,1,1,1,0,0,0,1,0,0,1,2,1,0,0,0,1,0,1,0,1,0,1,2,0,0,0,0,0,1,0,0,0,0,2,0,0,0,1,2,3,0,0,0,2,0,0,0,0,1,1,1,1,0,0,2,1,0,0,0,0,0,0,1,0,0,1,0,0,0,0,0,0,1,1,1,0,0,0,0,0,0,0,1,1,0,0,1,0,0,0,0,0,0
P0043.1,Liquidations,LIQ12300,Liquidations,Companies,Voluntary,Manufacturing,Actual figures,Number,Monthly,4,10,8,10,7,5,1,6,3,13,9,11,3,11,13,11,12,6,9,9,10,11,12,9,10,26,16,5,7,4,10,13,6,2,3,6,14,14,6,11,11,8,9,10,10,11,8,3,18,9,1,2,3,9,13,6,8,6,7,3,4,6,3,7,5,4,10,6,8,3,5,6,3,4,7,13,10,11,5,5,9,9,11,7,1,3,9,3,4,4,14,2,1,10,0,9,10,5,8,5,2,7,10,10,9,3,4,5,4,5,11,3,6,9,10,13,8,6,5,7,3,10,2,6,8,20,1,7,3,5,6,8,3,4,8,2,1,3,7,2,4,3,9,3,1,4,2,4,3,0,1,3,0,4,5,4,1,6,6,5,4,6,5,3,0,5,1,3,0,14,1,1,1,1,4,2,3,2,4,3,2,2,1,1,4,3,3,1,1,2,1,3,1,1,5,2,2,3,5,3,4,1,1,4,0,2,0,4,1,3,2,3,2,4,3,4,3,3,2,1,2,3,1,0,1,3,1,2,0,2,3,2,4,3,3,1,4,3,0,1,3,4,2,0,4,2,3,8,4,0,3,7,2,4,5,1,4,1,0,1,2,0,3,5,6,1,2,2,0,2,1,4,0,2,4,2,1,0,0,1,2,2,2,2,1,1,3,1,4,1,0,0,1,1,0,0,4,2,0,2,1
P0043.1,Liquidations,LIQ12400,Liquidations,Companies,Voluntary,"Electricity, gas and water",Actual figures,Number,Monthly,0,0,0,0,0,0,0,0,0,0,0,0,0,0,0,1,3,1,0,0,0,0,0,0,0,3,2,0,0,1,0,0,0,0,0,0,0,0,1,0,0,0,0,0,3,0,0,0,0,0,3,0,0,0,0,1,0,0,0,0,0,0,0,0,0,0,0,0,0,0,0,0,0,2,0,0,0,0,1,0,0,0,0,0,0,0,1,0,0,0,0,0,1,0,0,1,1,0,0,0,0,0,0,0,0,1,1,0,0,0,1,0,0,1,0,0,0,0,1,2,0,0,0,0,0,0,0,0,1,0,0,0,0,0,1,0,0,0,0,0,0,0,0,1,0,0,0,0,2,0,0,1,0,0,0,1,0,0,1,0,0,0,0,0,0,0,0,0,0,0,1,1,0,0,0,1,0,0,0,0,0,0,0,0,1,0,0,0,0,0,0,0,0,1,0,0,0,0,0,0,0,0,0,0,0,0,0,0,0,0,0,0,0,0,0,0,0,0,0,0,0,0,0,0,0,1,0,0,0,0,0,0,0,0,0,0,1,0,0,0,1,0,0,0,0,1,0,2,0,0,0,0,0,0,0,2,0,0,0,1,0,0,2,0,0,0,0,0,0,0,0,0,0,1,0,0,0,0,0,0,0,0,0,0,0,1,0,0,0,0,0,0,1,0,0,0,0,0,0,1,0
P0043.1,Liquidations,LIQ12500,Liquidations,Companies,Voluntary,Construction,Actual figures,Number,Monthly,1,9,8,3,6,4,3,2,3,5,5,5,1,3,6,8,5,11,7,8,7,9,6,2,9,3,7,9,3,5,5,3,4,4,4,11,5,8,8,9,1,3,4,4,6,7,8,2,6,1,4,2,3,1,8,5,1,5,0,2,16,4,2,4,6,6,3,5,1,6,3,1,4,1,3,2,9,6,6,10,2,4,4,3,8,2,1,5,1,1,16,7,2,15,4,2,2,1,0,1,1,1,2,8,2,2,1,2,2,6,0,3,6,4,1,5,3,9,2,5,0,4,0,5,0,4,3,1,3,5,1,2,5,5,6,0,1,0,1,5,9,5,4,1,2,4,5,2,1,2,0,1,1,2,0,3,10,2,4,2,3,3,3,1,3,3,2,2,2,4,4,0,2,2,0,1,4,2,3,0,3,4,3,2,0,12,0,2,2,0,0,0,0,3,1,2,1,1,5,2,1,2,2,0,2,1,1,3,1,1,2,4,0,4,1,1,0,3,2,2,2,4,0,1,0,1,1,5,4,1,1,1,1,0,1,3,1,3,3,1,0,2,0,0,1,0,2,1,5,0,0,0,0,3,2,1,3,0,0,1,1,0,2,3,1,4,2,1,6,2,0,1,2,0,2,2,1,0,0,2,0,1,3,2,0,2,2,3,0,2,0,1,0,2,3,0,0,1,2,1,3
P0043.1,Liquidations,LIQ12600,Liquidations,Companies,Voluntary,"Wholesale and retail trade, catering and accommodation",Actual figures,Number,Monthly,10,26,31,26,29,28,23,34,20,32,30,31,24,39,39,41,43,24,31,33,24,34,45,39,39,48,47,26,27,40,39,52,48,36,31,56,81,41,28,34,37,46,36,29,37,43,26,21,44,36,42,38,37,34,27,22,32,23,20,14,34,32,35,26,18,28,32,32,29,23,19,30,19,27,28,28,39,22,36,40,36,34,41,25,25,20,24,29,40,23,48,36,40,33,22,39,26,22,24,30,18,34,44,22,21,42,30,12,28,51,47,32,29,29,48,17,39,37,49,49,21,51,56,52,36,39,41,24,36,33,59,28,37,40,38,36,8,10,21,48,42,34,31,25,12,15,19,30,33,27,25,23,28,35,13,24,39,36,35,19,15,26,18,24,24,22,10,6,9,1,16,15,25,6,13,8,6,8,16,9,9,12,21,17,17,0,15,12,23,20,11,11,6,11,12,13,12,14,17,23,9,18,12,12,7,10,16,10,10,7,16,10,16,9,11,9,5,6,19,8,15,7,13,7,8,15,11,10,8,12,20,15,14,11,14,10,10,13,13,13,9,9,16,0,19,11,14,15,9,17,13,13,10,6,11,15,13,13,20,13,8,18,16,11,13,10,12,6,25,13,9,11,17,7,17,19,2,11,9,9,11,5,5,10,9,9,15,17,8,5,11,6,8,3,6,5,7,14,10,7,6
P0043.1,Liquidations,LIQ12700,Liquidations,Companies,Voluntary,"Transport, storage, communication",Actual figures,Number,Monthly,1,4,1,2,0,1,2,10,5,1,0,0,3,1,3,0,1,4,3,3,3,2,4,3,6,2,2,8,3,3,4,2,0,1,1,0,0,2,0,4,2,3,3,4,6,3,2,2,7,2,1,5,3,3,2,4,12,1,1,1,2,1,0,1,2,7,4,4,2,4,5,0,1,7,2,0,2,4,0,2,0,0,6,11,0,0,2,6,4,4,3,1,3,2,0,3,1,2,0,3,1,3,8,5,2,5,3,1,2,3,0,4,1,4,14,3,3,4,8,0,4,5,4,0,3,13,0,5,1,6,1,1,4,4,4,5,1,2,4,2,0,1,1,1,2,2,0,2,3,1,0,0,1,5,0,7,4,2,9,1,2,1,3,1,2,1,1,0,1,22,2,0,2,0,1,1,1,1,3,2,0,2,4,0,2,4,2,2,0,0,1,2,1,0,2,0,1,1,2,0,3,1,0,1,1,0,1,1,0,1,0,1,1,0,1,1,0,1,3,0,4,3,1,0,0,0,0,0,0,2,2,1,1,0,2,1,1,3,1,3,2,0,3,0,1,0,2,1,2,0,2,2,2,2,1,0,2,1,1,1,1,4,0,1,0,0,3,1,0,0,2,0,0,1,0,0,0,0,0,1,1,3,1,1,1,2,0,1,1,0,0,1,0,0,0,0,2,0,0,0,1
P0043.1,Liquidations,LIQ12800,Liquidations,Companies,Voluntary,"Financing, insurance, real estate, business services",Actual figures,Number,Monthly,32,39,43,34,47,34,27,49,31,33,39,34,39,42,38,38,48,29,45,46,36,50,73,41,40,75,63,55,65,58,82,80,77,47,34,61,59,75,53,49,48,68,43,65,92,90,44,51,52,37,39,35,46,54,33,44,51,42,36,35,44,50,44,39,36,50,46,45,66,42,30,36,26,38,50,42,42,45,76,56,45,52,50,42,41,50,56,63,91,60,37,94,320,75,53,47,29,58,55,46,39,28,84,39,91,62,46,184,52,86,69,64,41,68,95,42,96,61,78,138,51,62,84,90,119,104,48,40,74,98,67,75,57,86,66,48,16,30,34,98,81,49,57,55,23,34,61,52,65,38,29,54,53,35,36,58,49,50,52,50,19,34,41,41,23,43,31,32,33,1,42,27,31,26,36,35,28,36,26,31,39,26,25,26,25,24,27,31,29,40,25,16,32,42,29,20,35,28,36,38,25,32,29,21,13,16,21,19,17,24,20,20,15,26,32,35,35,19,26,16,31,20,28,17,22,28,18,33,23,29,26,15,31,24,35,24,20,21,27,22,19,23,22,0,25,11,24,36,36,37,31,27,13,28,44,17,26,20,21,26,27,22,34,19,24,22,29,14,23,28,41,28,31,24,23,29,15,33,20,18,15,15,26,15,23,17,19,24,21,19,18,16,17,14,17,13,15,29,23,3,14
P0043.1,Liquidations,LIQ12900,Liquidations,Companies,Voluntary,"Community, social, personal services",Actual figures,Number,Monthly,2,3,2,1,0,0,0,2,0,1,4,0,0,1,3,0,2,0,4,5,1,6,4,2,4,6,10,3,0,4,9,5,5,3,3,0,4,19,12,24,35,17,17,19,38,38,10,17,42,30,25,31,13,17,17,17,1,22,10,11,20,17,16,82,24,29,14,10,15,15,13,23,14,21,11,9,19,15,14,17,9,20,26,42,20,15,16,17,13,9,6,13,15,14,8,12,10,13,10,10,6,21,17,8,6,12,15,21,7,63,13,10,15,18,12,8,9,8,15,27,11,9,8,10,10,10,7,5,14,16,19,48,30,32,10,6,5,5,10,24,33,16,0,14,19,5,13,12,17,20,15,14,12,13,12,4,11,17,8,16,6,12,10,15,21,22,7,17,12,38,16,8,24,13,27,18,20,6,16,11,16,16,29,17,21,24,23,25,21,17,14,17,1,17,2,2,3,2,2,1,2,1,1,1,0,2,1,2,0,1,0,1,3,1,1,2,3,3,2,3,2,1,1,3,0,3,2,3,0,1,3,3,2,0,1,2,2,2,1,2,1,3,3,0,1,1,2,3,2,5,6,1,0,2,2,2,1,2,2,3,2,5,3,2,2,1,1,1,7,0,4,3,3,3,8,13,0,2,1,2,2,0,0,1,4,1,7,11,0,0,1,1,5,1,0,2,1,1,1,2,3
P0043.1,Liquidations,LIQ129001,Liquidations,Companies,Voluntary,Unclassified,Actual figures,Number,Monthly,0,0,0,0,0,0,0,0,0,0,0,0,0,0,0,0,0,0,0,0,0,0,0,0,0,0,0,0,0,0,0,0,0,0,0,0,0,0,0,0,0,0,0,0,0,0,0,0,0,0,0,0,0,0,0,0,0,0,0,0,0,0,0,0,0,0,0,0,0,0,0,0,0,0,0,0,0,0,0,0,0,0,0,0,0,0,0,0,0,0,0,0,0,0,0,0,0,0,0,0,0,0,0,0,0,0,0,0,0,0,0,0,0,0,0,0,0,0,0,0,0,0,0,0,0,0,0,0,0,0,0,0,0,0,0,0,0,0,0,0,0,0,0,0,0,0,0,0,0,0,0,0,0,0,0,0,0,0,0,0,0,0,0,0,0,0,0,0,0,0,0,0,0,0,0,0,0,0,0,0,0,0,0,0,0,0,0,0,0,0,0,0,10,15,21,23,31,12,31,22,22,29,20,20,16,38,30,30,20,35,17,41,23,38,47,28,15,36,30,19,48,28,24,24,12,39,30,31,21,23,34,36,42,33,36,31,35,45,43,24,21,39,35,0,50,42,54,57,47,39,49,31,23,43,38,31,39,22,43,30,37,33,31,26,27,41,47,21,6,24,25,39,36,29,39,31,20,19,31,21,46,35,27,28,34,34,34,27,30,39,24,28,36,35,39,33,26,40,23,26,18
P0043.1,Liquidations,LIQ20000,Liquidations,Close corporations,Total,,Actual figures,Number,Monthly,102,78,85,107,128,210,225,359,397,163,236,89,191,263,185,228,175,165,163,355,201,244,165,150,268,204,151,184,182,152,166,166,172,215,148,45,195,140,100,208,184,167,198,204,206,116,193,65,197,166,153,125,134,165,159,146,296,127,128,182,198,142,117,103,143,133,141,149,154,119,139,83,86,106,114,98,180,122,116,190,116,87,130,99,77,96,127,93,116,77,143,144,91,111,100,79,73,113,189,143,157,133,150,187,151,183,129,119,156,162,195,201,174,164,227,164,172,151,326,152,110,167,233,182,181,185,153,150,205,189,170,128,157,200,205,170,71,104,170,122,140,196,246,172,103,125,197,169,139,108,73,108,100,126,123,86,124,148,138,136,74,97,102,106,70,91,72,68,58,84,117,71,113,95,104,76,76,90,94,58,57,78,107,85,92,68,97,90,70,107,79,63,69,93,83,61,81,57,77,84,87,86,88,56,49,65,108,77,68,70,66,85,76,88,109,49,34,73,105,49,66,80,70,87,94,94,69,52,75,68,82,84,102,78,75,98,55,80,100,66,53,81,60,0,85,54,78,93,93,96,122,56,59,85,105,77,88,64,71,81,69,74,55,47,35,64,70,77,113,66,70,61,67,74,61,58,38,71,89,49,60,58,62,76,72,58,53,50,38,63,72,59,51,54,57,66,57,89,50,44,49
P0043.1,Liquidations,LIQ21000,Liquidations,Close corporations,Compulsory,Total,Actual figures,Number,Monthly,53,21,25,38,17,90,45,199,210,23,103,32,37,97,40,98,40,35,40,218,64,86,39,47,59,41,36,34,48,40,36,57,48,32,39,16,39,37,29,46,24,43,56,51,49,28,22,10,26,23,25,26,17,47,37,28,50,21,11,30,24,27,12,5,31,18,22,48,10,18,29,5,19,11,8,4,15,15,10,35,4,7,13,16,8,11,7,13,10,7,10,22,13,13,6,1,21,0,31,14,9,11,9,20,19,14,5,1,36,15,2,14,17,6,17,39,1,7,9,1,0,7,4,4,6,9,10,11,17,11,5,4,27,10,0,16,27,1,4,14,0,2,32,28,24,16,28,2,0,0,1,29,17,7,12,6,0,21,21,7,2,5,9,8,4,5,2,10,6,5,12,11,9,35,21,5,7,11,17,5,4,6,21,2,4,7,13,11,12,6,5,7,7,4,8,7,5,6,16,3,12,7,8,4,3,1,8,1,10,6,6,7,20,9,14,3,6,4,10,2,3,3,8,8,17,6,1,3,9,7,5,19,12,11,7,11,5,7,20,10,13,9,4,0,8,1,5,4,7,15,35,5,8,7,10,4,6,4,6,4,2,2,11,1,10,5,9,7,18,5,5,5,6,12,5,4,3,14,16,4,4,4,0,7,6,5,4,3,4,5,4,10,5,6,3,2,6,6,9,3,8
P0043.1,Liquidations,LIQ21100,Liquidations,Close corporations,Compulsory,"Agriculture, hunting, forestry and fishing",Actual figures,Number,Monthly,2,0,0,0,1,3,0,3,3,3,4,2,1,1,0,1,0,0,0,8,1,1,0,0,1,0,0,0,0,0,0,0,0,0,0,0,0,2,1,1,0,2,0,0,0,0,1,0,1,0,0,2,3,1,2,0,0,0,2,0,0,1,1,0,0,0,1,1,0,2,0,0,0,1,1,0,0,0,0,1,0,0,0,1,0,1,0,0,0,0,0,0,1,1,0,0,0,0,0,1,0,0,0,0,1,0,0,0,0,0,0,0,0,0,0,0,0,0,0,0,0,0,0,0,0,0,0,0,1,0,0,0,0,0,0,4,0,0,0,0,0,0,2,0,0,1,0,0,0,0,0,0,0,0,0,0,0,1,0,0,0,0,0,0,0,0,0,0,0,0,1,0,0,0,2,0,0,1,0,0,0,0,2,0,0,0,0,0,0,0,0,0,0,1,0,0,0,0,2,0,0,0,0,0,0,0,0,0,0,0,0,0,0,0,0,0,0,0,0,0,0,0,1,1,0,0,0,0,2,0,0,0,1,0,0,0,0,0,1,0,1,1,0,0,0,0,0,0,0,0,0,0,0,0,0,0,0,0,0,0,0,0,0,0,1,0,0,0,1,0,0,2,0,0,0,0,0,1,0,0,0,0,0,0,0,0,0,0,0,0,0,0,0,0,0,0,0,1,2,0,0
P0043.1,Liquidations,LIQ21200,Liquidations,Close corporations,Compulsory,Mining and quarrying,Actual figures,Number,Monthly,0,1,2,0,0,1,2,18,21,1,1,15,6,3,5,3,4,3,3,2,5,3,2,3,4,4,1,1,4,2,1,5,2,2,2,0,1,1,0,0,0,0,0,2,2,0,0,0,0,1,0,0,0,0,1,0,0,0,0,0,0,0,0,0,0,0,0,0,0,0,0,0,0,0,0,0,0,0,0,1,0,0,0,0,0,0,0,0,0,0,1,0,0,0,0,0,0,0,0,0,0,0,0,0,0,0,0,0,0,0,0,0,0,0,0,0,0,0,0,0,0,0,0,0,0,0,0,0,1,0,0,0,0,0,0,0,0,0,0,0,0,0,0,0,0,0,0,0,0,0,0,0,0,0,0,0,0,0,0,0,0,2,0,0,0,0,0,0,1,0,0,0,0,1,0,0,0,0,2,0,0,0,0,0,1,0,0,0,0,0,0,0,0,0,0,0,0,0,0,0,0,0,0,0,0,0,0,0,0,0,0,0,0,0,0,0,0,0,1,0,0,0,0,0,0,0,0,1,0,1,0,0,0,0,0,0,0,0,0,0,0,0,0,0,0,0,0,0,0,0,0,0,0,0,0,0,0,0,0,0,0,0,0,0,0,0,0,0,0,0,0,0,0,0,0,0,0,0,0,0,0,0,0,0,0,0,0,0,0,0,0,0,0,0,0,0,0,0,0,0,0
P0043.1,Liquidations,LIQ21300,Liquidations,Close corporations,Compulsory,Manufacturing,Actual figures,Number,Monthly,7,2,4,4,4,17,10,30,33,6,8,1,3,18,13,18,15,14,5,30,7,10,11,3,6,3,10,9,2,11,10,5,6,4,10,2,9,7,7,4,1,10,2,6,4,2,4,1,7,5,3,3,0,4,2,3,2,2,1,0,0,4,0,0,1,2,1,4,0,2,4,1,3,1,0,0,2,1,2,2,0,1,0,0,1,0,0,1,0,0,0,2,0,0,0,0,4,0,3,0,0,0,2,3,1,0,0,0,4,0,0,1,3,0,3,3,0,0,1,0,0,1,3,0,1,0,0,0,0,1,1,0,1,0,0,5,4,0,0,0,0,0,0,0,0,3,0,0,0,0,0,4,0,0,0,0,0,6,0,2,0,0,1,1,0,0,0,0,0,0,0,5,0,3,0,0,2,1,4,1,0,0,3,0,0,0,0,0,0,0,0,0,1,0,0,0,0,0,0,0,0,0,0,0,0,0,0,0,0,0,0,0,1,0,1,0,0,0,0,0,0,0,0,0,2,1,0,0,0,0,0,0,0,0,0,1,0,0,0,1,1,1,1,0,1,0,0,0,0,1,0,2,0,0,0,0,0,0,0,0,0,1,0,0,1,0,0,2,0,1,0,1,0,0,0,0,0,0,1,0,0,0,0,0,0,0,0,1,0,0,0,0,1,0,0,0,0,0,1,0,0
P0043.1,Liquidations,LIQ21400,Liquidations,Close corporations,Compulsory,"Electricity, gas and water",Actual figures,Number,Monthly,0,0,0,0,0,0,0,0,0,0,0,0,0,0,0,0,0,0,0,0,0,0,0,0,0,0,0,0,0,0,0,0,0,0,0,0,0,0,0,0,0,0,0,0,0,0,0,0,0,0,0,0,0,0,1,0,0,0,0,0,0,0,0,0,0,0,1,1,0,0,0,0,0,1,0,0,0,0,0,0,1,0,0,0,0,0,0,0,0,0,0,0,0,0,0,0,0,0,1,0,1,0,0,0,0,0,0,0,0,0,0,0,0,0,0,0,0,0,0,0,0,0,0,0,0,0,0,0,0,0,0,0,0,0,0,0,0,0,0,0,0,0,2,0,0,0,0,0,0,0,0,0,0,0,2,3,0,0,0,0,0,0,0,0,0,0,0,0,0,1,0,0,0,0,0,0,0,0,0,0,0,0,0,0,0,0,0,0,0,0,1,0,0,0,0,0,0,0,0,0,0,0,0,1,0,0,0,0,0,0,0,1,0,0,0,0,0,0,0,0,0,0,0,0,0,0,0,0,0,0,0,0,0,0,0,0,0,0,0,0,0,0,0,0,0,0,0,0,0,0,0,0,0,0,1,0,0,0,0,0,0,0,0,0,1,0,0,0,0,0,0,0,0,0,0,0,0,0,0,0,0,0,0,0,0,0,0,0,0,0,0,0,0,0,0,0,1,0,0,0,0
P0043.1,Liquidations,LIQ21500,Liquidations,Close corporations,Compulsory,Construction,Actual figures,Number,Monthly,9,4,5,3,1,5,20,44,45,5,25,2,5,24,14,1,12,11,6,28,14,7,9,12,13,4,8,8,13,8,8,12,5,4,9,1,9,6,1,9,4,4,7,10,9,6,2,0,4,3,2,1,0,6,4,4,2,2,1,2,0,2,1,1,4,1,1,6,2,3,3,1,2,3,2,2,1,1,0,3,0,2,1,1,1,0,1,4,0,0,0,2,1,0,1,0,1,0,0,0,4,2,0,1,1,2,0,0,2,3,0,0,1,1,1,6,0,0,0,0,0,0,0,1,0,0,2,2,2,0,0,0,0,0,0,0,2,0,0,0,0,0,2,2,2,2,2,0,0,0,1,3,1,2,1,0,0,0,0,1,0,0,1,0,0,0,0,1,0,0,1,1,1,5,0,2,0,2,2,1,0,1,0,0,0,1,2,0,0,0,0,0,0,0,1,0,1,1,2,0,1,1,0,1,0,0,1,0,0,0,2,1,1,2,1,0,0,0,0,0,0,1,1,0,2,0,0,1,3,0,0,1,1,2,0,0,0,1,0,3,4,1,0,0,0,0,0,0,0,3,4,0,0,1,0,0,1,1,1,1,0,0,3,0,1,0,1,1,0,0,1,0,1,0,1,0,0,3,2,1,0,2,0,2,0,0,1,0,0,0,0,0,0,0,0,1,2,0,0,1,0
P0043.1,Liquidations,LIQ21600,Liquidations,Close corporations,Compulsory,"Wholesale and retail trade, catering and accommodation",Actual figures,Number,Monthly,25,7,7,17,1,31,1,16,16,2,29,8,14,1,3,24,3,2,9,61,15,35,6,12,14,11,9,8,11,10,9,15,7,12,9,7,8,12,11,16,5,10,25,4,10,13,10,5,7,6,7,12,9,24,14,11,14,6,2,12,12,10,4,2,18,5,11,22,4,5,11,3,10,4,3,1,6,7,5,11,1,2,6,6,4,3,2,4,1,1,6,12,4,3,3,0,7,0,17,6,2,6,2,8,6,7,3,0,14,5,1,5,2,3,6,16,1,2,4,0,0,2,0,0,3,5,6,3,7,3,0,3,2,0,0,4,6,0,0,5,0,0,11,17,0,4,2,0,0,0,0,7,1,0,0,0,0,0,4,2,2,1,1,2,3,1,0,2,0,1,6,2,2,8,7,2,2,3,1,2,0,3,5,0,1,2,6,5,4,0,2,4,1,2,2,2,0,2,6,1,3,4,5,0,0,0,0,0,3,0,2,4,4,2,1,2,0,2,2,0,0,2,3,1,5,1,0,0,2,5,1,5,2,4,4,2,0,2,6,1,4,3,1,0,3,1,4,1,2,5,11,0,1,3,5,2,1,1,0,1,2,0,2,0,1,2,1,2,3,1,1,1,3,5,1,1,1,0,4,1,0,0,0,2,3,1,0,0,3,3,2,2,3,3,1,0,0,2,2,0,1
P0043.1,Liquidations,LIQ21700,Liquidations,Close corporations,Compulsory,"Transport, storage, communication",Actual figures,Number,Monthly,1,2,2,3,2,5,1,28,32,3,6,1,3,28,3,1,3,3,3,13,3,5,2,2,3,3,1,1,3,2,1,2,6,0,2,0,2,2,0,3,2,1,0,0,2,1,0,0,1,3,1,2,0,2,1,1,2,0,0,4,4,1,1,1,2,0,1,0,2,1,2,0,0,0,0,0,1,0,1,0,0,0,0,1,0,1,0,1,0,0,2,0,0,0,1,0,2,0,0,1,0,0,0,1,2,1,0,0,3,1,0,1,1,0,1,1,0,0,1,0,0,0,0,0,0,0,0,0,0,0,0,0,9,0,0,0,2,0,2,0,0,0,1,0,12,0,8,0,0,0,0,1,5,3,4,0,0,6,2,1,0,0,1,0,0,0,1,0,0,2,0,0,1,1,0,1,0,0,0,0,0,0,1,0,0,1,0,2,0,0,0,0,0,0,1,2,0,0,0,0,0,0,1,0,1,0,0,0,0,0,0,0,1,1,2,0,0,0,0,0,1,0,0,0,0,0,0,0,0,0,0,1,0,0,1,1,0,2,1,0,0,0,1,0,0,0,0,0,0,0,0,0,0,1,1,1,0,0,1,0,0,0,0,0,0,0,0,0,0,0,0,0,0,0,0,0,0,0,0,0,0,0,0,0,0,0,0,0,0,0,0,0,0,0,0,0,2,0,0,0,0
P0043.1,Liquidations,LIQ21800,Liquidations,Close corporations,Compulsory,"Financing, insurance, real estate, business services",Actual figures,Number,Monthly,8,4,4,9,8,24,4,60,40,3,30,3,5,22,2,28,3,2,13,68,18,22,7,14,17,14,6,6,13,6,6,18,21,10,5,5,7,6,8,12,11,12,20,23,18,6,5,4,5,5,12,6,4,10,12,7,24,11,5,12,8,9,4,1,6,9,4,14,2,5,9,0,4,1,2,1,5,5,2,17,2,1,4,7,2,6,4,3,9,6,0,5,6,9,1,0,7,0,8,3,2,3,5,6,8,4,2,1,11,6,1,7,10,2,6,12,0,3,2,1,0,3,1,3,1,1,2,2,4,5,0,1,1,6,0,1,13,0,0,9,0,0,10,7,3,6,14,0,0,0,0,11,2,0,0,1,0,4,13,1,0,2,4,5,1,3,1,7,4,0,3,3,5,14,6,0,3,1,4,0,2,2,2,1,1,2,3,4,5,5,2,2,5,0,2,2,3,2,3,1,5,2,2,1,2,0,4,1,5,5,1,0,9,3,7,1,4,2,6,2,1,0,2,2,2,2,1,1,2,1,0,6,5,4,0,3,5,2,9,3,2,3,1,0,3,0,0,2,2,4,11,2,4,2,2,0,3,1,4,1,0,1,4,1,5,3,2,1,4,2,2,1,1,4,2,3,2,6,4,2,2,1,0,3,2,3,3,2,1,0,2,4,1,2,1,0,1,2,4,1,4
P0043.1,Liquidations,LIQ21900,Liquidations,Close corporations,Compulsory,"Community, social, personal services",Actual figures,Number,Monthly,1,1,1,2,0,4,7,0,20,0,0,0,0,0,0,22,0,0,1,8,1,3,2,1,1,2,1,1,2,1,1,0,1,0,2,1,3,1,1,1,1,4,2,6,4,0,0,0,1,0,0,0,1,0,0,2,6,0,0,0,0,0,1,0,0,1,2,0,0,0,0,0,0,0,0,0,0,1,0,0,0,1,2,0,0,0,0,0,0,0,1,1,1,0,0,1,0,0,2,3,0,0,0,1,0,0,0,0,2,0,0,0,0,0,0,1,0,2,1,0,0,1,0,0,1,3,0,4,2,2,4,0,14,4,0,2,0,1,2,0,0,2,4,2,7,0,2,2,0,0,0,3,8,2,5,2,0,4,2,0,0,0,1,0,0,1,0,0,1,1,1,0,0,3,6,0,0,3,4,1,2,0,8,1,1,1,2,0,3,1,0,1,0,1,2,1,1,1,1,1,1,0,0,0,0,1,3,0,1,1,1,1,2,1,1,0,2,0,1,0,0,0,0,2,6,2,0,0,0,0,3,3,2,0,2,3,0,0,1,2,0,0,0,0,1,0,0,1,2,1,8,0,1,0,1,1,1,0,0,0,0,0,1,0,0,0,3,0,1,1,0,0,0,2,1,0,0,3,2,0,1,1,0,0,1,1,0,0,0,2,0,3,0,0,1,1,0,1,0,1,2
P0043.1,Liquidations,LIQ219001,Liquidations,Close corporations,Compulsory,Unclassified,Actual figures,Number,Monthly,0,0,0,0,0,0,0,0,0,0,0,0,0,0,0,0,0,0,0,0,0,0,0,0,0,0,0,0,0,0,0,0,0,0,0,0,0,0,0,0,0,0,0,0,0,0,0,0,0,0,0,0,0,0,0,0,0,0,0,0,0,0,0,0,0,0,0,0,0,0,0,0,0,0,0,0,0,0,0,0,0,0,0,0,0,0,0,0,0,0,0,0,0,0,0,0,0,0,0,0,0,0,0,0,0,0,0,0,0,0,0,0,0,0,0,0,0,0,0,0,0,0,0,0,0,0,0,0,0,0,0,0,0,0,0,0,0,0,0,0,0,0,0,0,0,0,0,0,0,0,0,0,0,0,0,0,0,0,0,0,0,0,0,0,0,0,0,0,0,0,0,0,0,0,0,0,0,0,0,0,0,0,0,0,0,0,0,0,0,0,0,0,0,0,0,0,0,0,2,0,2,0,0,1,0,0,0,0,1,0,0,0,2,0,1,0,0,0,0,0,1,0,1,2,0,0,0,0,0,0,1,3,1,1,0,1,0,0,2,0,1,0,0,0,0,0,1,0,1,1,1,1,2,0,0,0,0,1,0,1,0,0,1,0,0,0,2,1,9,0,1,0,1,1,0,0,0,1,3,0,1,0,0,0,0,0,0,0,0,0,0,1,0,1,0,0,0,0,0,0,1
P0043.1,Liquidations,LIQ22000,Liquidations,Close corporations,Voluntary,Total,Actual figures,Number,Monthly,49,57,60,69,111,120,180,160,187,140,133,57,154,166,145,130,135,130,123,137,137,158,126,103,209,163,115,150,134,112,130,109,124,183,109,29,156,103,71,162,160,124,142,153,157,88,171,55,171,143,128,99,117,118,122,118,246,106,117,152,174,115,105,98,112,115,119,101,144,101,110,78,67,95,106,94,165,107,106,155,112,80,117,83,69,85,120,80,106,70,133,122,78,98,94,78,52,113,158,129,148,122,141,167,132,169,124,118,120,147,193,187,157,158,210,125,171,144,317,151,110,160,229,178,175,176,143,139,188,178,165,124,130,190,205,154,44,103,166,108,140,194,214,144,79,109,169,167,139,108,72,79,83,119,111,80,124,127,117,129,72,92,93,98,66,86,70,58,52,79,105,60,104,60,83,71,69,79,77,53,53,72,86,83,88,61,84,79,58,101,74,56,62,89,75,54,76,51,61,81,75,79,80,52,46,64,100,76,58,64,60,78,56,79,95,46,28,69,95,47,63,77,62,79,77,88,68,49,66,61,77,65,90,67,68,87,50,73,80,56,40,72,56,0,77,53,73,89,86,81,87,51,51,78,95,73,82,60,65,77,67,72,44,46,25,59,61,70,95,61,65,56,61,62,56,54,35,57,73,45,56,54,62,69,66,53,49,47,34,58,68,49,46,48,54,64,51,83,41,41,41
P0043.1,Liquidations,LIQ22100,Liquidations,Close corporations,Voluntary,"Agriculture, hunting, forestry and fishing",Actual figures,Number,Monthly,2,2,2,2,2,2,2,1,5,1,2,2,2,1,1,1,1,1,2,5,2,3,0,0,8,2,0,2,0,0,0,0,0,3,0,0,0,1,1,3,2,2,3,9,3,4,4,0,4,3,1,0,2,0,0,1,4,1,2,2,2,2,0,2,1,2,0,1,1,1,1,0,2,1,1,2,2,0,1,1,1,1,1,0,1,2,2,2,0,0,1,4,1,2,2,0,0,3,1,2,0,8,2,1,1,2,0,0,1,0,1,3,1,2,1,2,1,3,1,5,0,3,2,4,2,1,0,2,0,5,1,1,3,3,2,1,1,1,1,0,0,0,0,1,1,3,2,2,2,0,2,7,1,2,1,0,0,0,0,0,1,1,2,1,0,1,0,0,0,0,0,0,0,1,0,0,1,0,1,2,0,0,0,0,0,0,0,1,0,1,1,1,1,0,1,0,0,0,0,0,2,1,0,1,0,0,0,0,1,2,0,1,0,1,2,3,0,0,0,1,1,1,1,1,0,0,0,1,1,0,0,1,1,2,1,3,0,0,2,0,1,0,1,0,1,0,0,1,1,1,1,1,0,2,0,1,1,0,1,0,0,1,0,1,1,0,0,0,2,1,0,0,2,0,0,1,0,0,0,0,0,1,1,1,1,0,0,1,2,1,0,2,0,0,1,1,2,0,1,1,0
P0043.1,Liquidations,LIQ22200,Liquidations,Close corporations,Voluntary,Mining and quarrying,Actual figures,Number,Monthly,0,1,1,0,1,1,1,2,1,2,2,3,2,6,6,6,6,5,4,0,6,7,1,2,3,4,4,1,3,3,4,4,6,0,3,1,8,0,1,0,0,0,2,4,4,1,0,0,2,0,1,0,0,0,0,2,6,1,1,0,0,0,0,0,1,2,0,0,0,0,0,0,0,0,5,0,0,1,0,0,0,1,1,0,0,0,0,0,0,0,1,0,1,2,1,0,0,0,0,0,0,0,0,0,0,0,0,0,0,2,1,0,0,0,0,0,2,0,1,0,1,0,0,0,0,0,2,0,0,0,0,0,6,0,0,1,0,2,0,0,0,0,0,0,1,0,0,1,0,1,0,0,0,0,1,1,0,0,2,0,0,0,0,0,0,1,0,0,0,0,0,0,0,0,0,0,1,0,0,0,0,0,0,0,0,0,0,0,0,0,0,1,0,0,0,0,1,0,0,0,0,0,0,0,0,0,0,0,0,0,0,0,0,0,1,0,0,0,0,0,0,0,0,1,0,0,2,0,0,0,0,0,1,0,1,0,0,0,0,0,0,0,0,0,0,0,0,1,0,0,0,0,1,0,0,1,0,1,0,0,0,0,0,0,0,0,0,0,1,0,0,0,0,0,0,0,0,0,1,0,0,0,0,0,1,0,0,0,0,0,0,0,0,0,1,0,0,0,0,1,0
P0043.1,Liquidations,LIQ22300,Liquidations,Close corporations,Voluntary,Manufacturing,Actual figures,Number,Monthly,7,10,10,9,11,11,18,10,16,10,10,9,17,15,15,15,5,5,8,18,6,6,3,5,14,16,7,13,7,8,9,7,8,19,7,2,5,6,3,8,17,11,7,8,7,5,18,4,14,12,10,6,12,9,14,15,10,5,8,18,14,6,6,2,12,10,7,2,7,10,4,7,5,7,4,4,6,8,6,4,7,2,5,4,3,13,8,2,10,7,5,4,4,4,6,3,7,5,5,7,7,11,6,7,13,13,9,8,14,11,14,6,25,13,11,8,5,5,9,6,4,9,14,14,14,6,16,16,7,9,0,11,0,13,11,6,1,1,6,10,3,9,8,14,1,6,6,17,10,6,4,6,1,8,1,1,2,0,6,2,3,3,7,8,5,6,3,2,2,5,8,5,9,4,2,4,3,4,5,3,7,6,8,4,7,6,3,0,2,8,7,6,5,6,2,1,5,2,2,4,4,3,6,0,2,3,3,4,3,3,3,3,4,5,5,3,1,2,8,2,4,5,2,5,3,3,2,7,5,2,10,4,2,3,4,4,1,3,3,3,0,2,7,0,4,7,4,6,6,7,2,4,6,4,5,2,5,4,2,4,4,2,3,3,2,1,1,2,0,2,2,2,7,2,5,4,2,3,2,0,5,3,7,1,4,2,4,2,5,3,5,3,1,5,1,1,6,1,2,1,2
P0043.1,Liquidations,LIQ22400,Liquidations,Close corporations,Voluntary,"Electricity, gas and water",Actual figures,Number,Monthly,0,0,0,0,0,0,0,0,0,0,0,0,0,0,0,0,0,0,0,0,0,0,0,0,0,0,0,0,0,0,0,0,0,1,0,0,0,0,1,0,0,0,1,0,3,0,0,1,1,0,0,1,0,0,0,0,0,0,0,0,0,0,0,0,0,0,1,2,1,1,5,1,0,0,0,0,0,2,0,0,0,7,0,2,0,1,0,2,1,1,1,1,0,1,0,0,1,1,0,0,1,0,1,1,2,0,0,2,2,5,2,1,1,0,1,0,1,1,0,1,0,0,1,1,1,0,0,0,0,3,12,0,0,0,1,3,0,3,0,0,6,4,0,0,0,0,0,2,1,3,0,0,0,0,7,5,6,5,0,2,2,0,2,1,0,0,0,0,0,1,2,1,1,1,1,0,1,1,0,0,1,1,2,9,2,0,1,1,0,1,3,0,1,1,0,0,0,1,0,0,0,0,0,0,1,0,0,1,0,0,0,1,1,1,1,1,1,1,0,0,0,1,2,0,2,1,0,1,0,1,3,1,0,0,0,0,0,1,2,0,0,0,0,0,0,0,0,1,0,1,2,0,0,0,1,0,0,0,0,0,1,0,0,0,1,1,0,0,0,0,0,0,1,1,1,0,0,0,0,0,0,0,0,1,0,0,1,0,0,0,0,0,0,0,0,0,0,0,1,1,1
P0043.1,Liquidations,LIQ22500,Liquidations,Close corporations,Voluntary,Construction,Actual figures,Number,Monthly,2,8,9,9,8,20,22,50,25,50,45,25,42,55,45,0,44,43,12,8,18,21,17,10,21,25,12,22,21,12,13,12,15,21,12,1,27,8,5,14,20,15,17,21,17,6,14,6,20,13,11,13,10,14,11,13,26,15,11,16,18,14,9,16,21,10,16,8,17,10,15,5,5,8,16,8,20,10,15,11,10,12,12,11,6,7,10,3,3,3,3,12,4,12,2,5,1,5,9,13,15,9,10,15,14,17,11,10,10,12,11,23,8,15,16,10,15,14,17,13,14,23,28,12,11,20,8,9,27,12,21,9,7,9,18,6,7,1,11,8,4,16,24,13,2,9,3,13,13,10,10,3,10,16,6,1,15,2,9,10,8,6,7,11,7,11,7,2,3,7,10,3,8,2,5,2,3,7,5,5,2,7,7,28,5,4,10,2,4,8,5,6,10,6,2,4,7,3,5,9,9,5,3,0,0,4,3,7,7,7,5,6,0,7,6,5,3,3,7,2,1,5,6,3,13,8,7,2,5,2,5,5,4,7,3,4,3,5,8,3,6,8,6,0,7,3,7,6,5,6,3,2,8,4,5,1,3,2,6,3,4,6,3,1,3,4,5,11,5,7,4,2,3,8,2,3,2,3,7,6,1,6,5,8,3,3,2,2,2,4,3,6,5,5,3,4,2,4,3,2,1
P0043.1,Liquidations,LIQ22600,Liquidations,Close corporations,Voluntary,"Wholesale and retail trade, catering and accommodation",Actual figures,Number,Monthly,21,20,21,25,43,43,84,35,46,25,35,15,30,34,34,45,24,23,49,50,48,51,38,30,71,55,33,54,46,31,32,30,32,65,30,13,50,35,25,83,52,46,55,52,55,33,54,22,58,50,52,29,48,35,58,37,118,43,33,57,68,54,41,34,42,38,45,40,52,29,51,16,15,41,30,33,52,38,40,82,30,25,39,20,31,21,50,25,47,31,37,38,22,27,33,34,16,41,84,56,59,34,49,35,37,53,50,53,41,50,65,60,44,38,62,34,57,37,194,44,24,49,72,42,57,57,44,45,67,47,17,38,16,76,57,39,17,5,56,25,18,63,60,31,6,24,32,45,42,30,17,20,16,38,28,3,32,13,37,42,27,43,29,26,15,25,19,18,16,17,26,23,22,23,28,19,17,22,20,21,12,24,24,5,35,20,40,29,26,32,20,17,17,25,22,18,22,19,20,21,18,22,28,13,17,12,33,17,14,17,14,23,18,30,29,6,5,24,26,13,15,19,15,21,22,23,11,16,23,20,18,18,32,17,22,28,15,24,17,14,11,17,11,0,18,13,18,20,31,15,25,15,9,25,29,24,27,13,14,21,15,23,12,16,6,16,24,24,11,16,16,7,13,20,16,12,10,14,20,14,21,15,13,18,15,15,14,11,5,18,18,16,13,12,17,22,9,22,5,9,9
P0043.1,Liquidations,LIQ22700,Liquidations,Close corporations,Voluntary,"Transport, storage, communication",Actual figures,Number,Monthly,1,0,0,4,2,7,17,15,6,15,9,1,10,18,17,24,18,17,9,7,6,10,9,8,8,6,9,11,6,9,10,9,10,12,9,1,10,2,1,5,11,6,9,12,8,1,7,3,9,4,5,3,7,5,4,3,6,5,5,14,8,3,4,4,3,7,6,9,5,12,2,1,5,8,8,9,12,1,12,10,5,2,20,2,0,4,3,1,3,3,0,8,7,6,4,1,1,6,6,3,12,6,7,28,4,2,5,3,4,0,6,5,6,6,9,8,14,12,6,3,4,5,17,2,7,6,5,6,5,3,51,4,30,10,13,4,3,29,5,5,26,6,7,3,35,2,30,4,6,2,0,6,3,2,11,0,6,37,1,3,1,1,1,4,2,1,3,2,1,6,6,2,5,4,1,4,3,1,4,2,3,5,4,24,2,3,1,2,1,1,1,1,1,3,1,1,2,2,0,5,2,1,1,1,0,1,7,3,1,1,1,2,2,3,2,2,0,6,4,1,1,2,3,1,1,0,2,0,1,2,0,1,3,2,1,1,1,3,2,1,2,2,3,0,3,2,1,3,2,2,2,1,0,2,3,2,5,2,3,3,2,3,1,1,0,2,1,2,1,3,0,2,1,3,0,2,1,2,1,1,0,0,4,5,3,4,0,3,1,4,1,0,2,0,0,1,4,4,1,2,0
P0043.1,Liquidations,LIQ22800,Liquidations,Close corporations,Voluntary,"Financing, insurance, real estate, business services",Actual figures,Number,Monthly,11,15,16,18,38,32,32,47,41,37,29,2,50,37,27,12,37,36,31,42,45,51,55,47,76,49,49,41,45,49,53,46,50,58,48,11,50,46,32,44,48,42,44,33,52,36,65,17,58,54,46,44,34,50,33,43,70,32,53,43,56,34,44,38,30,39,41,37,54,31,28,45,35,27,40,30,71,44,27,46,55,27,37,40,24,34,44,41,40,23,63,52,35,38,41,33,23,43,45,39,50,45,58,73,52,72,44,36,42,62,73,70,65,73,91,46,66,55,72,60,39,57,76,77,69,78,56,52,73,82,5,53,9,63,69,70,15,6,72,46,60,75,77,69,5,40,65,64,42,35,27,28,31,43,26,21,49,50,54,49,17,26,28,30,21,33,27,22,23,26,46,22,47,14,36,29,32,27,31,14,22,24,31,13,29,19,20,25,11,33,26,16,16,36,32,21,24,14,17,31,27,32,30,29,13,27,30,26,18,25,19,25,22,20,29,17,10,19,28,16,22,23,19,32,20,33,27,14,19,22,24,23,24,24,23,32,17,22,30,24,14,33,18,0,26,19,26,33,21,31,31,14,16,29,29,24,24,21,26,22,24,22,14,15,9,21,18,16,25,16,31,26,21,20,21,21,10,20,29,19,15,20,28,24,22,14,18,19,8,14,25,13,11,11,23,16,22,29,22,15,21
P0043.1,Liquidations,LIQ22900,Liquidations,Close corporations,Voluntary,"Community, social, personal services",Actual figures,Number,Monthly,5,1,1,2,6,4,4,0,47,0,1,0,1,0,0,27,0,0,8,7,6,9,3,1,8,6,1,6,6,0,9,1,3,4,0,0,6,5,2,5,10,2,4,14,8,2,9,2,5,7,2,3,4,5,2,4,6,4,4,2,8,2,1,2,2,7,3,2,7,7,4,3,0,3,2,8,2,3,5,1,4,3,2,4,4,3,3,4,2,2,22,3,4,6,5,2,3,9,8,9,4,9,8,7,9,10,5,6,6,5,20,19,7,11,19,17,10,17,17,19,24,14,19,26,14,8,12,9,9,17,58,8,59,16,34,24,0,55,15,14,23,21,38,13,28,25,31,19,23,21,12,9,21,10,30,48,14,20,8,21,13,12,17,17,16,8,11,12,7,17,7,4,12,11,10,13,8,17,11,6,6,5,10,0,8,9,9,19,14,17,11,8,5,9,10,6,8,6,8,8,9,11,11,6,10,14,17,11,10,6,12,9,8,5,12,5,6,10,11,6,12,12,7,8,12,10,10,2,6,8,7,9,12,6,7,9,5,6,6,6,3,6,8,0,9,6,10,11,12,9,11,8,6,6,14,8,12,12,11,18,12,13,7,5,3,7,6,7,0,7,9,10,5,5,8,5,7,9,11,2,9,6,2,9,11,11,7,3,6,8,11,6,8,7,4,8,5,16,4,5,0
P0043.1,Liquidations,LIQ229001,Liquidations,Close corporations,Voluntary,Unclassified,Actual figures,Number,Monthly,0,0,0,0,0,0,0,0,0,0,0,0,0,0,0,0,0,0,0,0,0,0,0,0,0,0,0,0,0,0,0,0,0,0,0,0,0,0,0,0,0,0,0,0,0,0,0,0,0,0,0,0,0,0,0,0,0,0,0,0,0,0,0,0,0,0,0,0,0,0,0,0,0,0,0,0,0,0,0,0,0,0,0,0,0,0,0,0,0,0,0,0,0,0,0,0,0,0,0,0,0,0,0,0,0,0,0,0,0,0,0,0,0,0,0,0,0,0,0,0,0,0,0,0,0,0,0,0,0,0,0,0,0,0,0,0,0,0,0,0,0,0,0,0,0,0,0,0,0,0,0,0,0,0,0,0,0,0,0,0,0,0,0,0,0,0,0,0,0,0,0,0,0,0,0,0,0,0,0,0,0,0,0,0,0,0,0,0,0,0,0,0,6,3,5,3,7,4,9,3,4,4,1,2,3,3,7,7,4,3,6,8,1,7,8,4,2,4,11,6,7,9,7,7,4,10,7,6,6,4,10,3,11,6,6,6,8,9,10,5,3,4,2,0,9,3,7,7,8,9,10,6,5,6,9,10,5,5,2,6,5,2,4,4,0,7,6,8,50,9,3,7,8,3,3,6,3,6,2,3,5,3,2,2,6,4,3,6,5,6,5,3,6,8,4,11,1,7,2,4,7