Municipality,Barren Land,Built-up,Cultivated,Forested Land,Forested land,Grassland,Mines & Quarries,Shrubland,Waterbodies,Wetlands
abaqulusi,1.152401234495348,3.8939381847177947,16.08097058673717,1.2386900380415395,23.896639711292636,16.89112300906246,0.0636886201346561,0.0008146519489266333,0.3129289890986076,0.9533304383429484
alfred duma,1.494761356876911,8.329485089841427,15.031174953504511,0.07983827585986711,10.44603083347087,9.257108945620946,0.054899781796884366,0.0,0.4819234081851833,1.51224265233748
amahlathi,0.0813578590768512,1.9248273388948773,9.534894707938601,1.756561027337294,29.408827004387852,8.747785429933739,0.007472311319907001,0.0029867873987654125,0.4555666237693795,0.47249066966721687
ba-phalaborwa,0.3166686415693117,1.3318547368172629,2.1437281317516512,0.0,2.5339446990374843,4.454356813395567,0.48922683642094666,0.003882861147401784,0.20248215702409506,0.07004672045005708
beaufort west,10.882520635156945,0.18924625160524092,0.6065857324415985,0.0,2.4870059792602652,14.369902335026518,0.011239096538052606,21.483160449862954,0.15667730281497697,0.14849313042193926
bela-bela,0.08365695965298321,2.432672096142031,13.697426787603865,0.0,23.076440045276495,4.446976704092321,0.039239678431045845,0.0,0.36391384824552503,1.3138567423732144
bergrivier,2.827186869472744,0.8144058610296925,25.73669235825596,0.0,2.186256119749153,2.36591455685744,0.1895692042119004,23.73255885354259,0.48951281604687125,0.8051283914299813
big five hlabisa,1.3672036365688645,5.3489024766409266,8.865206542244099,3.6586483628692976,25.839195645793883,11.588333441301401,0.019248401989575087,0.0010145911073907133,0.8562852654536972,2.781378257749022
bitou,0.08685709521501214,2.395967815118326,7.312363313412578,4.146251777761918,47.34305640704248,2.361040104261937,0.03676137096943863,8.583560117169743,0.15697641048986719,0.4874104971455704
blouberg,0.27794658795664523,2.5577086510130904,12.743887603476692,0.01961298289590323,7.499790101419054,11.473423775337848,0.0034612771185931154,0.0,0.10796804209719792,0.10654592971216835
blue crane route,2.3715741988269015,0.3712349747875352,2.7417162839515785,0.17681186540368954,13.572745202768404,5.560924228851576,0.00847717014986207,9.299624144668815,0.16600449017862837,0.2527032720562777
breede valley,6.97639496575801,1.514979418008702,12.287824354672857,0.003469347289919833,2.6310962869271397,8.043425726325697,0.06069455649306054,13.300228166876092,1.3763675406521607,0.815675372846457
buffalo city,0.3212699701768323,12.264879057969585,17.262928515193636,0.8070335308982003,33.589263752985005,4.681647711218312,0.11063656773289186,0.023097802717650415,0.7857955403177224,0.12517368080659202
bushbuckridge,1.5626359942005568,4.752904933680787,1.49195758861267,0.08666401446108264,15.897790800098635,2.949803957526303,0.010971791179130002,0.00035363802364784007,0.1734966713618553,0.8921867365581052
cape agulhas,0.48414854990741935,0.6912169591559166,15.432963822784728,0.011398060634717374,6.793000606673089,1.181744228069476,0.04550112365055387,10.493723485371804,1.0201791353065432,1.339934242255209
cederberg,4.245287215932004,0.438304713983195,20.707098396422882,0.0,1.9110159532510775,6.490230039912542,0.021476529504578505,16.21183460612395,0.344183782428429,0.44673925083459815
chief albert luthuli,0.5653924475404783,2.853594223891546,15.669491401365148,0.16475388979903982,21.672186843283693,27.530268119862782,0.5593360960989386,0.0,0.7374051842701802,4.079820242168209
city of cape town,1.1752715237881775,29.151105814809966,10.407849794371797,0.13720824580748137,7.01633363372558,1.6455814412527692,0.5197535148292854,8.257833194856184,0.8154170669937925,1.9136795450980246
city of johannesburg,0.8703643634810176,54.447516992456286,5.977570916578376,0.0,8.449783037285304,10.694868075354547,1.5543784535659881,0.0588204958626525,0.4004530485050648,3.5879438393216296
city of mbombela,0.32103189764953477,5.364925484339843,8.693508650821164,1.2635508368311503,31.577228414446633,4.5038679001485225,0.0634422170307381,0.0015107788796374008,0.2603514140922922,1.4007611874769355
city of tshwane,0.5013966092417617,21.069615616686715,16.324195582206247,0.0,17.820038400111386,18.3025492835716,0.5577613247983557,0.03197720766823071,0.5973256758671261,1.7443438081936817
collins chabane,0.2958908435766374,5.808162070421049,6.498658043598287,0.015344128011844973,14.022587416078293,3.0132372619660743,0.010993196714597394,0.0,0.09226798816629452,0.02924317769640069
dannhauser,1.0910944371684619,7.083189961162275,19.5251717105178,0.36885658011827194,4.716245448476855,8.863702985349207,0.4057886807731812,0.0,0.5604971816952798,4.294825253712871
dawid kruiper,2.2677979412847677,0.16267773056084084,0.1305484303029023,0.0,0.8933051325788057,7.885933468602202,0.008387518875675974,7.831162491163377,0.1550306235363578,0.0
dihlabeng,2.204796740372761,1.293326973927003,26.30219009763721,0.0,3.7881793678061064,14.019470463667565,0.03671557837494061,0.0,0.6059955307080404,1.9495291333327294
dikgatlong,0.2876139696860731,0.4312018596625731,1.5352201987651626,0.0,14.196832525357138,13.181290922772275,0.423085573495235,0.21104623984932608,0.404393439339906,0.0513913785881487
dipaleseng,0.13503279414760236,0.989841476146252,28.13945561284482,0.0,5.315216647385816,18.929159323651447,0.08041053970285776,0.0,0.6275921631065174,6.760977071513012
ditsobotla,0.1284971901340572,1.4880323144184315,19.748533805671638,0.0,7.241308636904185,9.034109251282201,0.2927339824436267,0.031926543603151995,0.23585252871395043,0.4877755946441712
dr beyers naude,8.540013132840357,0.36613198090934945,1.1870490849853208,0.0,4.862515483659324,17.936612415923832,0.017753413215857182,25.81042067459991,0.16505318837916264,0.5517916145814105
dr js moroka,0.11969601983757604,15.691718903936783,14.160528503998322,0.0,15.568064605858991,3.9405291345765066,0.05856532750681415,0.0,1.6372867814368244,1.1053533490944976
dr nkosazana dlamini zuma,0.34744666864266577,5.748350215586027,15.875762563549236,1.5641923444378485,18.63257107499257,14.383672075892267,0.0038401188395404645,0.0,0.6807185155991454,2.8309278381576797
dr pixley ka isaka seme,0.3102435258633461,1.3223242604890448,26.823155486230526,0.2525110655374056,5.261506872599962,5.83165689631734,0.11391530987490513,0.0,0.4095976979595544,3.3879120525467896
drakenstein,1.4765221239501602,4.974250976847794,22.011793901738212,0.015160823441464955,7.6133361462167715,4.544253969431456,0.036812063094352955,9.865823865491125,1.682162758285559,1.5903196107394362
edumbe,0.44584929696967407,4.378617773708913,12.6740084146562,0.07274825659604359,35.22685162650434,19.176016784194356,0.010924966105097774,0.00364062808847369,0.24565856731888566,1.2810485480681837
ekurhuleni,0.658482999878587,38.88656265978451,14.681464337565227,0.0,6.603306728623612,16.41280396720344,2.38720186382385,0.19514752430944327,1.3914075046345595,4.68079321938365
elias motsoaledi,1.0815701352786617,7.329203941346372,17.017106433048227,0.0,34.98648253828216,13.613379532172724,0.3094640096307501,0.0,0.25428314051444445,1.1505008574126037
elundini,0.8995784718121771,4.550378460501409,12.443733608857377,0.20055774396848983,13.724512876648022,8.498916417619,0.008194411228697851,0.0,0.1890847863234854,2.1912946294903075
emadlangeni,0.7912293635945766,1.1681616782744624,15.621471761954284,0.8779276952967165,10.856500562844758,5.2138627238456206,0.07783665575018144,0.0,0.7398536610569961,4.250274081693833
emakhazeni,0.7474409210986634,0.7920392688992874,15.557964102608556,0.38298615695024424,17.55491793796655,11.161036039569716,0.5415147276605927,0.0,0.4097899459115564,2.644597902337114
emalaheleniec,3.334546592945652,6.170354903072309,18.107076165682134,0.0331709643107759,5.136526932478304,4.1009569344388135,0.019477144052874963,0.047783395483392374,0.7356273655779528,0.12169115666635574
emalahelenimp,0.642349816813438,6.160772726536133,28.77751046040335,0.0,3.960945514768021,21.97349839597149,8.686883342467851,0.0,1.9456980645831057,4.9787077668002295
emfuleni,0.5642047206022826,27.19356529797488,19.441504177189103,0.0,4.773127404373104,17.2724027146352,0.6675214510594233,0.0,0.6050809714946594,3.436473096993424
emthanjeni,3.2002600879557592,0.3245575153043841,1.1726324776877597,0.0,0.8377759149393407,14.23730754910555,0.04424332937400313,17.981245955252355,0.29613032726722727,0.4534658952049806
endumeni,1.4723504129431009,2.6862421056773074,22.545419784538527,0.18113765645933472,12.379578896804512,9.674345456946256,0.1003531181387465,0.0,0.4994757131238987,3.0777762902322983
engcobo,1.3769201846378702,13.115762051185916,22.421652057083286,1.978569932894076,11.459623116017417,20.40594230543647,0.027363778338081502,0.0,0.2842172459411469,0.10785883915702676
enoch mgijima,1.9144056758032997,1.4080948624279621,5.087015274584381,0.010269077393939455,6.221323008514843,1.6706192239944444,0.02120135066896182,1.7690981092040956,0.36414437136960615,1.8510762296524657
ephraim mogale,0.33042351210610316,5.690691005613416,14.759994770368367,0.0,12.082951228595734,8.496567976895024,0.11318215728515281,0.0,1.3914093295787897,0.31807345499077333
ethekwini,0.5235120201504493,44.49347640844833,10.469763962212907,3.761040497432212,20.46280862063519,9.177051126420194,0.16361396034463724,0.0,1.3114826218072484,0.5398398404691915
fetakgomo tubatse,3.701746811566864,8.464768427781454,12.311112231318429,0.05776621039736972,24.870892917137674,16.42031309070065,0.9866852939898124,0.0,0.23541426031529766,0.45820973099115714
ga-segonyana,0.10824186683410214,2.2952582030283546,1.6518083623185391,0.0,18.953774294781212,6.988918935297832,0.04786559448686308,0.477716563373243,0.13961558864904322,0.0
gamagara,0.28041738085510104,1.2615535484980969,0.7610583940676466,0.0,15.067143175898533,7.292836015315167,2.8783229010172384,1.2169421708442432,0.04536542161826563,0.0
ganyesapomfret,0.0830685705858024,0.6886795511799098,12.747599430935313,0.0,30.8130157194582,17.78967925076034,0.04154907402999099,0.06047757619547348,0.01653190922674747,0.0
george,3.3606457224709607,1.5309261498412297,14.750568622116624,0.9003165512133552,13.332461549828027,9.873183470599562,0.00704904348538032,12.587143495170452,0.1979475689568776,0.4815114603527358
govan mbeki,0.1653539467961572,3.505601509437792,31.400292140834686,0.0,1.2464135858542187,23.384257669102205,0.9426279292166204,0.0,1.435211870354577,7.421056013601787
great kei,0.09687056459096685,1.450702782397258,9.599000167751393,0.29231416333736343,24.69676897672688,5.543065398183027,0.009882907235678596,0.0019768953165522655,0.2253624407626185,0.08294466304454284
greater giyani,0.29208933859268466,5.064946612158792,16.341496065192917,0.0,9.748497518824886,1.9608323644747248,0.024555097232983332,0.0,0.18496906693751286,0.03244396065089176
greater kokstad,0.10908358036653772,0.8774354838118218,23.425231860854954,0.007716040376964503,8.635040992235808,6.263777848525645,0.025744424921485685,0.0,0.9042997179629122,4.361045186357849
greater letaba,0.4678430443330914,7.801414236820224,25.850659412764116,0.11377637634720988,27.233368744835506,2.7640726316499493,0.026962302335138615,0.0,0.1695038642516691,0.2504665839247349
greater taung,0.12484832428952296,3.5429383028182437,3.7731964111268876,0.0,15.106676815205795,21.558279665008865,0.06649378721614811,0.08279726811828969,0.38293519571274176,0.10453844071443258
greater tzaneen,0.09556650144935847,9.64858001306003,18.363740124082025,1.248300955186995,42.46575626180876,2.152187865047061,0.031440434253131574,0.0,0.949434410227868,0.5396751189101596
hantam,23.02631788463671,0.22382894164896006,2.3144077703995953,0.0,1.3494743921946,6.126254885924579,0.023422198236723642,28.201147914696257,0.3420395530941494,0.042678383638289796
hessequa,1.446623929580264,0.631830291918399,17.851442130379557,0.10179616204576045,7.1223261254598125,3.4038082940407284,0.033406064093178825,15.200951865567857,0.11407294455340497,1.0214183797650132
impendle,0.314515420277421,2.7630427946442535,9.140807467148692,1.3582851493506776,11.503648879046503,4.320647000131433,0.002155409410275833,0.0,0.4545973778516231,1.7297977541524683
inkosi langalibalele,1.974629944638373,5.506173064168581,11.678108548614762,0.270140815286904,18.12522378769516,9.467086768019488,0.02257416073184188,0.0,0.4842253824842624,1.2184252747152535
intsika yethu,1.6404102822674547,9.649190830465075,23.880857278466568,0.2485875076855274,11.447004528105266,16.31172996881562,0.013076398305100111,0.0,0.6871451558216968,0.3325678335036058
inxuba yethemba,2.059087721501117,0.3169516813628447,3.5383875116825894,0.0,3.615728613119916,1.5707042936580324,0.008731753822894636,9.01593066027412,0.17908350094154304,0.8620164561214345
jb marks,0.04242171660430569,2.345360491916198,30.959704124780306,0.0,8.535170668917813,11.767279239892346,0.14732954224939004,0.027262871368362772,0.3959220666297991,0.9322664747739086
joe morolong,0.4545811087141693,0.8971869780260053,0.5293050829697133,0.0,21.708026780542735,11.083125956669345,0.19003846386050302,2.634705300751832,0.054455319394201604,0.0
jozini,3.6885008786201947,12.5751559430189,13.534903043884963,1.2938351377328177,22.733521775617753,10.57062499149822,0.035021943420119876,0.0030893717244932185,0.5921200925400902,1.5918567357122808
kai !garib,7.929207323424363,0.37069187474851856,0.8347253250859255,0.0,1.621930990846188,5.638540313238704,0.02783919404426264,7.1269343135909455,0.29556896831512697,0.0
kamiesberg,3.2162876872660053,0.1338352159784651,2.660710424824894,0.0,5.243642676944669,12.036281937284974,0.2728306879188184,18.25126281479671,0.019560488999626577,0.0
kannaland,9.567584741137956,0.43768166023001237,3.323105304214316,0.0,5.5491553487384655,19.424785065368216,0.0069704889976394645,27.767968217634234,0.16584371806831774,1.0613824302215475
kareeberg,13.144467375358678,0.17443871085202606,0.7666634279931727,0.0,2.293444148791709,14.456292688668666,0.023471483651598696,10.480299459971835,0.3074239377088021,0.0021437100685159903
karoo hoogland,13.972640933414356,0.15314439477710098,0.7423404314733133,0.0,1.125572818196121,6.66501227959082,0.017356923217006343,9.790136325008696,0.18927307477143335,0.055149780120316
kgatelopele,0.3656077456936712,0.5413478991199516,0.41618095373653496,0.0,15.294976681519683,13.73995385446873,0.9119077608676344,0.9097018893657969,1.298815821767674,0.0
kgetlengrivier,0.39849692467429715,0.7913119345960266,21.362546364103515,0.0,24.282476825000717,15.805487927048368,0.15804881601001702,0.004524298805777405,0.3180101927802664,0.17436771565424805
khaima,9.567924627211488,0.24888934885344557,0.1831453214136051,0.0,0.5389582512593222,6.962773309097978,0.19977744952842705,10.701985167229838,0.4439928276074805,0.0006573281950400349
kheis,3.925625024606582,0.1869228259652178,0.5321401639317334,0.0,3.83262641522499,8.884660636084742,0.015030266889788538,8.232449883241001,0.19097902680254503,0.0
king sabata dalindyebo,0.8622670439284557,18.123548265854875,23.951577848556163,0.8911858679899457,19.684354310375372,22.400654775403716,0.0639845771113244,0.0,0.07633964178283267,0.4014536477511749
knysna,0.06572604931366152,2.955182406258038,6.79683937730595,6.855166787346426,42.47362151951062,0.6325617377855887,0.0,4.128708559681144,1.418876397710691,0.5645819002999416
kopanong,0.638477894446292,0.2100344543925476,4.106999081031682,0.0,5.031798311490867,0.603675548491633,0.032835369125535196,0.9406211557889815,0.5038712451914229,0.3622536232962469
kou-kamma,0.23817404504211348,0.9216633274762589,12.051870660970591,2.823661537712593,20.443167030790825,6.283733762594848,0.0,6.076003973801488,0.25940909803362044,1.1339308363125653
kouga,0.6325304652850805,2.221608149972044,21.314074954485744,0.12296795061128675,29.111582008498093,6.529518014377215,0.04469409607261264,10.807041668343643,0.5474199893741618,0.4642026726959911
kwadukuza,0.4320181315966808,13.250988332686703,5.124334986343486,0.37577678890603416,12.953777500234706,8.427316651110138,0.12683770856136564,0.0,0.3991000598704938,0.8732647150226248
laingsburg,19.684400798054433,0.19249112143211144,0.9627333493966079,0.0,0.7049584667557689,5.241317625524494,0.017515185974121477,22.914087241403344,0.07164331687837025,0.0787564226265059
langeberg,8.558187360813596,0.9460617908972876,14.449086875331313,0.0,2.594953582387483,11.388648159667579,0.041856185664443483,10.16770626967143,0.32833758876121755,0.6191369750194091
lekwa,0.2183232969378614,1.0892379532979883,39.08955101154589,0.0,1.0054558108815752,18.202048156847177,0.06880722499549011,0.0,1.5952092009601486,6.3344948479218495
lekwa-teemane,0.10141923500290802,0.6944183067151831,20.51343476683268,0.0,11.159803558128507,7.071533568382329,0.4066328185758885,0.140032265783432,0.4404402296254203,0.00964962666911111
lepele-nkumpi,0.5982316534052726,6.84612820894857,12.503046786746673,0.7148064569685318,25.880849470791727,13.738525109339895,0.10530067381732253,0.0,0.04272807253360159,0.13854389854129195
lephalale,0.39409721354154237,0.6615071921838596,7.3814096196194425,0.0,7.380017573598185,4.923895994425724,0.2915725846141776,0.0,0.2420044800205403,0.46409974909859497
lesedi,0.3940282165765469,4.064271906560474,27.718246724928022,0.0,8.245102033426704,19.05643726790176,0.2736959190447089,0.0,0.8043991714662044,1.9823904264445489
letsemeng,0.7350965113195977,0.23893540841728989,14.328283802951006,0.0,5.9108884300048325,4.660398365241763,0.05163624565431845,3.6280025565223553,1.9868031877261185,0.6448316319404478
madibeng,0.30892309900057924,7.545456768432916,18.59320979210333,0.013573515533002765,20.215094448687882,11.7154173269914,0.8716759066396249,0.0,0.8687754689747048,1.3678312588596162
mafikeng,0.06586088552031708,7.8074085004334135,19.106284989468293,0.0,20.65876495320034,15.285975511904775,0.2682880387477689,0.03932093020143654,0.2804213339717436,0.024549920445111034
mafube,0.2973473690963069,0.7008114559196822,30.39600920536468,0.0,0.4986117236439143,13.047812387955693,0.023155584785690193,0.0,0.5394968313589914,5.231944457774795
magareng,0.07727194350217516,0.6948938906419764,6.470663366432902,0.0,17.143721501919117,5.816065273772436,0.15242456410713276,0.23889952009193596,0.7950065752803941,0.20875328467103765
makana,1.203913880212844,0.7841321797781413,6.3282935758092895,0.24631026779681303,44.836619281412624,11.272121694345048,0.038134114199263415,7.370897520097172,0.1501146732660334,0.06410430370023519
makhado,0.2387636387734061,3.9702005351558225,12.025721256112442,0.2837159002309948,18.93430273126169,5.913504775825516,0.015411586662697154,0.004335642655621708,0.195054021672224,0.12385561412516657
makhuduthamaga,2.5581698294979773,14.5083929566129,16.616264392695996,0.0,13.437508237300754,16.954601984526295,0.10120027847438864,0.0,0.10624594640954257,0.05483493060919724
maluti a phofung,1.2639897040398416,4.017920346331437,21.638361095311755,0.06866980915605364,2.4428616577042317,4.578998201568082,0.024264397305638598,0.0,2.0772875699417805,1.1586771741626214
mamusa,0.07571337682046149,0.6104388007107372,15.452835427087386,0.0,10.219914640886033,17.32515792568145,0.22525268789827624,0.0717985255560523,0.3579175324118206,0.000984785216389233
mandeni,0.44561197404015246,25.963474236362384,17.28919814047934,1.5375614205477801,15.789096249907105,9.756974199029665,0.06905565324520176,0.0,1.0359508838224796,1.7634862611033975
mangaung,0.7221804651040338,4.579991004858248,22.151917620496807,0.0,4.090968077390472,4.672965924042483,0.08280605451841044,0.08178087374064157,1.5152967681819758,1.110902262704384
mantsopa,1.7830928755263862,0.6120002687980401,34.11531141133719,0.0,4.03740523118496,13.71525386256565,0.013799464295552294,0.003236145197836926,0.8362328243506427,0.9340136669839721
maphumulo,0.2447893063062239,22.728390314792048,6.450303982581746,0.24847237090914454,32.01677640751586,3.8874366606794837,0.0,0.0,0.08551301260021434,0.06217600379001653
maquassi hills,0.06445539387359969,0.7348866319373254,39.67921866907487,0.0,6.634854369438098,14.840792884713025,0.2251912811799596,0.11375393670768856,0.513707230338924,0.07968017723473625
maruleng,0.3688369617467832,3.3732343853162043,10.246294840939917,0.5247043638295728,14.269340974182487,2.2784883178258344,0.03361735574142428,0.0,0.31481725453031567,0.14586228459816897
masilonyana,0.08086083552245983,0.3771280921498426,22.896615200881573,0.0,3.0198432438465233,2.9585980214423113,0.12069902775413499,0.06555494794123978,1.111248122450914,0.2609228162616019
matatiele,1.3390536228888288,6.526869493564508,22.67817136867642,0.17820709746586585,7.887938102674707,9.350993745946072,0.022134883512072958,0.0,1.0196288868965362,2.59150159376079
matjhabeng,0.08847750853736427,2.53313853903847,18.696788929326857,0.0,3.35691560505951,12.571564334268292,1.1016986037008267,0.0921176992106528,1.949788445118419,1.0315662348623902
matlosana,0.021713992590402437,3.6747567737016538,26.88503535462755,0.0,8.934694853156534,18.17118465966134,0.8583229829387753,0.0947846339204838,0.32066917748684043,0.6452932199530471
matzikama,8.965116051712023,0.32960453385633226,9.6367435054639,0.003957283183272045,2.561929312793156,12.244167256941044,0.31968415063878053,22.85426525233343,0.09639617901971645,0.08891604005196323
mbhashe,0.5176543974927199,14.090559381099956,21.794020054413796,1.0233319113919617,35.18913686059666,10.401081205100768,0.007159169061425438,0.0,0.2945263366912032,0.1043223060749507
merafong city,0.35240139820414135,4.351967574214091,19.611956215484927,0.0,9.110560611643445,9.896247468898771,1.2256353700694096,0.1421944160069561,0.5672799097539113,1.1512546820800336
metsimaholo,0.20896590685718838,4.917792106264439,23.526204366100245,0.0,2.6892367000572204,18.02995429970627,1.7079238618052013,0.1135972855332015,0.6365338051538331,2.676258154642258
mhlontlo,1.9771789747284845,10.555662297034697,20.33156430296932,1.875974400303705,16.674228612531955,19.78510336659139,0.04267164020519402,0.0,0.4547969620197743,0.9206199951586591
midvaal,0.2520919267569251,10.255569457318664,22.230505032083492,0.0,10.6578866942659,18.88304322578868,0.18183113736238612,0.030995557019710972,0.5357557667979926,2.9511957571588514
mkhambathini,0.17507215819108204,7.452392095168586,10.946849092056032,0.8576436642178616,26.180371776321092,5.469208962070718,0.06762322554311187,0.0,0.49722454872323946,0.7600955495191976
mkhondo,0.45440327800357005,2.580713772320985,12.509774042718549,0.16903422899500076,33.35181579487834,16.260259078132137,0.06812780288432184,0.0,0.25138546755358265,3.8305886843441774
mnquma,0.38855420421640624,13.617096198140025,25.269519857717345,0.6593614143736857,27.620686777218673,13.762710815486725,0.012888635306675233,0.0,0.2350647502595985,0.1621240438058566
modimolle-mookgophong,0.4055188344965078,0.8815847572146541,22.88428428098819,0.0,31.815552008289906,7.527709384218155,0.08355580159401373,0.0,0.2752229729023678,0.6178424623506117
mogalakwena,0.6336565613091018,4.193406724939588,16.911937478241246,0.0,12.68416516247363,7.461621618536305,0.5334994488433658,0.0,0.2097257849904989,0.14498565842225802
mogale city,0.39952796733993834,12.1481496152195,15.490509684727865,0.0,18.447866828105806,10.535358802029242,0.6770162285863919,0.015984438525486755,0.20505770057883516,1.840398840770573
mohokare,1.7378408691011455,0.26793711846921536,13.002606438476827,0.0,6.484095186691455,2.640134872860835,0.015707419974658993,0.18720391116815333,0.6622725072476229,0.8987982900351104
molemole,0.12685130800787928,3.14025105384149,29.03287560074481,0.0,12.089691213330415,7.386469697558865,0.02717387422813135,0.0,0.06344558925890069,0.18913991300472616
moqhaka,0.09237993856541668,0.9269792445701132,15.223949803024539,0.0,4.61852950303797,8.95287051041471,0.08841469175242121,0.045558664341688995,0.6248351806411702,1.4638648942489847
moretele,0.057738114993330925,10.934032241735924,21.413711739004178,0.0,17.924572099706033,5.408810728918033,0.024065093485193558,0.0,0.17802236475997602,1.8195361069888532
moses kotane,0.2917805881634384,5.419493701786902,12.572607244273419,0.0,11.773186179969011,14.254036699167774,0.37276885728017506,0.0,0.2148755883877143,0.021415973018108485
mossel bay,0.4259877929790493,2.1648135624109996,18.69735007036337,0.6484982421188401,16.589079341921064,3.661425320589076,0.07605568947005013,16.938025753349113,0.1586589346191505,0.9383062017314503
mpofana,0.2970775032150229,1.2645506143475824,20.58033801799229,0.14480310505264488,12.162373016630443,8.10836159983791,0.0019804209962187565,0.0,0.9300444801556647,3.3913958232724015
msukaligwa,0.22027240138097515,1.137162015608192,29.05059790256965,0.0023829030165015415,13.941347933092809,26.44523475623225,0.4471311928839167,0.0,1.7249126841523412,6.338321824493997
msunduzi,0.08298811958380799,36.38902139495817,8.799781027405942,0.8622468505129026,20.279921088554882,11.164600253997184,0.0737342934164401,0.0,0.19362072491463125,1.3649952583064993
mthonjaneni,1.585515344115993,7.690772938122496,9.201669271940732,0.15806842309820027,35.191201592264875,18.66506224182842,0.002134227435797935,0.0021343000564563773,0.047001404901559546,0.36100326949010575
mtubatuba,0.6695381879381228,11.4060963595725,9.052335006566583,5.230033381571046,29.1496702655511,10.024033128767876,0.39912682199698857,0.003567786420480057,1.083056214125066,4.565168393574454
musina,0.8496976278271569,0.7236742455565052,4.309667844119372,0.31223290149222593,3.1730565540723292,9.251776335132769,0.1998078929146104,0.0003555519058474728,0.13895594662565966,0.07002413725892927
nala,0.04107573510432616,0.7409003222579215,6.845123842409421,0.0,2.5389849176712844,9.435959571576861,0.005139693615322937,0.089916508034525,2.5312516646184093,0.4911242789033876
naledi,0.03940763969158788,0.5283521049317688,10.94585940025041,0.0,16.954034027886568,12.066379699174835,0.02576801773491917,0.041484246953215544,0.14860629173254106,0.0025297894612907926
nama khoi,8.755430034743462,0.2416321242315162,1.613108678181481,0.0,0.46686865801083927,2.7957828658104407,0.2585124372952911,5.459898229598758,0.015161005193084935,0.0001914764826830498
ndlambe,0.38518588222040795,1.7729264944702363,24.064433183936785,0.35237794899410974,40.632254277044,12.017546246390891,0.023497164523872193,0.8497940298400507,0.42881531287181435,0.07409400620433701
ndwedwe,0.16093441272831,23.08239631241454,8.120030689674651,1.2752013180791975,29.69823415520971,7.701835192663716,0.0032188849575093418,0.0,0.07717733747438316,0.12237738819596963
nelson mandela bay,0.2947468164299668,17.70320556091658,6.322939623465954,0.03387096016705549,40.36141250242418,12.694178098565182,0.3540644906442241,6.915192384518709,1.0080842406043315,0.8779305869514626
newcastle,0.3210696996148835,5.293662762870102,15.425834472199822,0.5878622627686584,10.363656941618675,7.559089439332929,0.6102173373340787,0.0,0.4770587832484609,3.2225216990664753
ngqushwa,0.5344931189054841,5.595241610444804,18.88454183051027,0.1514952409822037,37.96943390351178,11.757451455004418,0.02368731929403313,0.23062549627007609,0.22456305266870108,0.06636238939043473
ngquza hill,0.3773743749701607,13.287636704167749,23.483812644621562,2.392336165381211,25.01043767433958,11.88746569755234,0.030296449751675045,0.0,0.08400159263343474,0.11700483888641228
ngwathe,0.15561056593953584,0.8112831038744097,28.41330710053328,0.0,3.206582981089129,12.946082184536323,0.05713301481904007,0.04369605806917925,0.7098605074463868,2.261852702025651
nkandla,0.6712779650113398,9.060517394863272,11.535258338755117,3.849507037784775,30.212432975279082,15.548401971912522,0.0,0.0038256956516753912,0.07657254513573421,0.13004573666784555
nketoana,0.19243039725571517,0.5260923680957477,30.315996719015025,0.0,1.229694825844794,18.815771774743933,0.008174460449811058,0.008170324194340812,0.6896058466155656,3.6612605423170717
nkomazi,0.3175484992898606,6.102437356664599,18.956839818444145,0.6075925443530843,27.722271984594343,0.4260039555463578,0.07597779528099935,0.0,0.7499875385366,0.722065847814325
nongoma,4.227801583767355,10.164283302585508,19.47084742870431,0.1308798393962126,34.20165385345908,15.774554830457149,0.011315157530833257,0.006451582651058706,0.08721211452785976,0.2389155411690498
nqutu,4.171542802821743,9.856317235353062,23.60056841180261,0.0035862950842768405,4.980679215932766,20.028356678881796,0.012510440381492655,0.0017864828054912883,0.11972825058541957,0.1804349795207011
ntabankulu,2.221109619555327,12.549907760529189,20.178841564970732,1.5811794616875752,21.44507840031982,18.744234187289422,0.004929399973005139,0.0,0.4669288908638305,0.4711504617462588
nyandeni,0.2496546281148563,14.969036066352887,21.936593327971963,1.65217277806339,25.666585083737324,14.108237400418297,0.030192702709994072,0.0,0.16347617358699776,0.48559534733091236
okhahlamba,0.5684060484432716,4.850901339578702,21.036053190596345,0.6901166643804867,6.724832393859536,6.942089587375576,0.004397822530997338,0.0,1.9482652216393535,0.9914800257785126
oudtshoorn,6.539936471468368,1.0033117950432406,8.850812874503667,0.0,11.810999665953515,19.66272631012181,0.0469428392767364,16.156634905327394,0.26451894381024965,0.6130402709859796
overstrand,1.2287696037550382,2.1833009928417084,11.169873231647804,0.47947657076554806,17.59607478142797,3.894647568411115,0.06079250299471398,9.067809150053654,0.9854275326620102,2.1287503479048793
phokwane,0.06811787295172418,2.592839004228643,31.711053972350932,0.0,16.42134843397576,15.154563969136067,0.04256795735714999,0.11917847312449445,0.3789596543487338,0.03405540497336611
phumelela,0.32073755048048497,0.34770371027390456,25.106100710202796,0.0008646590437763365,1.592450768845618,4.072008061222322,0.009891274914362098,0.0,0.40728229522990267,1.7659977821325585
polokwane,1.4196980698841832,12.313226349282818,23.959517239416474,0.010083141213639358,18.16023061283325,20.056658712028224,0.1549279374146081,0.0,0.1347549315748775,0.14048893570691803
port st johns,0.1500393460662849,16.51824509227584,18.370408084812144,6.353066987820618,25.87940581197144,4.78958879448087,0.018450537325438544,0.0,0.6950614191142707,0.24769287024257183
prince albert,17.257883188657328,0.24200962536250575,0.6162270925978461,0.0,1.5505223664965606,3.635245237893791,0.007784405809399255,22.05939965364318,0.10724472450210355,0.11617087567813153
ramotshere moiloa,0.38380263564827727,2.489595881273009,10.696621276022178,0.0,21.89864189445708,11.146766306852982,0.09541040400191625,0.0024648560442573275,0.21768400997501572,0.020212868808233964
rand west city,0.28502256429567824,10.761159122597304,23.02224641090908,0.0,5.243195277518026,13.872235395815743,1.7461582961579525,0.13131361862406093,0.4291728276513372,2.386662925350086
ratlou,0.07191830848837315,3.38655077674935,22.107537020809144,0.0,22.243876792907905,17.33763548284385,0.11141168978561736,0.04030341064845565,0.18766883944835852,0.011000335769464431
ray nkonyeni,0.3963694808430016,19.65630867953059,27.46547683502713,3.330822954964212,23.019033141234463,13.461374273846037,0.16340294906655775,0.0,0.354705571660507,0.24884389957390962
raymond mhlaba,0.23246644850817372,2.133924642137451,6.613464919856025,2.0622164218706196,39.183237513486525,9.50425885597727,0.007925846942841675,0.14482654446678692,0.2117591435002431,0.230882008109894
renosterberg,2.005649026919112,0.199810702672607,0.7002715140185891,0.0,1.630632810516193,2.8038694820904975,0.018047587676333444,12.419055444283051,0.3806935513703446,0.6836516033899321
richmond,0.06454811599767155,4.25652245150867,15.945163896408912,1.551054072335992,33.40985791530844,9.094557415811828,0.005606054527402912,0.0,0.2917289673419998,0.8808005345151406
richtersveld,23.6884159888904,0.14470659746922426,0.06891840523468666,0.0,0.18412091841775935,0.5081190001937089,1.5078488242718444,4.144145038691505,0.0605613651294397,0.0003617291185445884
rustenburg,0.8582269349030465,6.897310245252718,21.875193608625246,0.02104289279888385,26.264915058624666,16.362019779494222,1.988802771347372,0.0,0.9114242177979918,0.38070860455515704
sakhisizwe,0.9004308530846452,3.444734233569002,16.185133148602773,0.053803178962579294,10.567675368339222,5.121141361761357,0.023216860080552713,0.0,0.2060138684404355,1.0164403791828025
saldanha bay,0.8101243571196228,2.7900413412918814,12.09103315504776,0.0,0.7978300112898365,0.3852045305534232,0.5839497224077811,7.436125049702395,0.05976817254855304,0.1909027143034101
senqu,12.087500807026675,2.34344059732355,7.468946319467461,0.0,2.4452028138704454,4.891690514160673,0.00932580422097387,0.012568383102919637,0.15411226529940475,0.6141527322300225
setsoto,1.389653967482342,0.8620507791619725,34.909604624160465,0.0,3.326458816050529,15.286987813312585,0.018696761222458554,0.006423159113119964,0.5638831219391317,0.9727784679643896
siyancuma,0.559186493897675,0.21270500982849208,1.9891430426240975,0.0,12.610714892956043,5.69211881196746,0.1439801976625751,7.509545762900601,0.20670499864087846,0.017097548700302653
siyathemba,1.0924609763562563,0.18325715686979877,1.2501138315505156,0.0,6.802093891244202,16.59600430540981,0.2247020292794161,9.537460372983094,0.3020473464239549,0.0
sol plaatje,0.24486998421658868,2.1990243990335667,2.8594661926252534,0.0,9.378584814083947,1.7640936749401357,0.7310796356280836,1.1076879275674427,0.6474411169487069,0.06433244900098016
stellenbosch,0.9788021507577614,5.332354298185816,26.746009017115426,0.007929953294454574,13.91768190134051,5.1509031544193755,0.051481148552492716,7.791904302614114,1.4696689370085279,1.54512873130661
steve tshwete,0.5089446738715036,2.8057808826107573,29.68673001603891,0.0,7.912443862591776,23.662292740348818,3.168098744901091,0.0,1.5940104662793513,3.971134190022961
sundays river valley,1.210137140729584,0.8624568124856528,12.05227553616701,1.274937495620865,34.16861492473239,8.020848875482669,0.0027729419340775325,4.356786393195182,0.09703847048452269,0.12313390732735739
swartland,0.233680723429204,1.2557931793941242,12.032972794347302,0.0,1.8488049354244664,1.5793187071114048,0.07825214589867045,9.546517385638431,0.2185582881324471,1.601598951297415
swellendam,4.15280786308823,0.6216969491366239,8.57503506196461,0.10938447813909316,3.102333151901245,4.9351830903036005,0.01121917882324419,10.787385703933465,0.1991324956176461,0.9880959046451223
thaba chweu,0.7178744124289494,1.3263422874578827,8.507928885677899,2.4028528203312214,22.555806960325928,8.40481768956176,0.08592730587034554,0.0006330978485374999,0.39966179760131054,1.9741740267246604
thabazimbi,0.1064607262714268,0.7295101046150397,9.504933795483948,0.0,14.653320769411351,3.517122751518214,0.29184021304292634,0.0,0.2597254582414013,0.4705911642321386
theewaterskloof,0.682194568427854,1.24314192021503,13.640449085251873,0.06271337673546797,8.59330733532449,3.322750342100373,0.019242200640134075,12.572531509726767,1.8637737373458558,1.1616520536742736
thembelihle,0.6014860700948742,0.14717795239957115,1.633551867111282,0.0,1.0053254932019773,7.281479351293274,0.08386556669001614,14.48489993148252,0.3752759671930736,0.17006109110990564
thembisile hani,0.25052428044737285,7.216105784942904,17.09502853062638,0.0,17.91466546890141,17.94614026886227,0.28356582248876766,0.0,0.16137646232716107,1.3559189444209354
thulamela,0.17622251132923883,14.931599927065484,11.345678611065411,0.4817736323966508,39.05080492327015,0.6397768030975928,0.037484876272985884,0.0,0.2252429020356884,0.10007561533317019
tokologo,0.26087775937245716,0.20483661316648227,20.341317837728393,0.0,6.004714150755329,4.527627031411601,0.040263485890755624,0.6073866991798386,1.2921844736185735,0.31405416911577383
tsantsabane,0.7114505613796748,0.20815610067384252,0.21531649537923517,0.0,11.836120095808388,8.243433402194547,0.3376878158795146,8.636789315932095,0.03471980253122663,0.0
tswaing,0.0877000323698928,1.516271102751902,16.009880506327846,0.0,5.9701746054532,14.366929962401837,0.039947924374671206,0.01936349717794698,1.1067962810060703,0.24090433302202133
tswelopele,0.10293355125981886,0.3880848754438309,13.60962827385983,0.0,5.847540859257431,10.99123661034409,0.0032291217857162487,0.11518783458156741,1.598351651761801,0.473003845270209
ubuhlebezwe,0.16708947477106245,10.017436115466658,16.529543769699814,0.14872253121628456,35.32114274117362,16.10324280542423,0.018573013197944153,0.0,0.2786222359236448,0.6747414952364909
ubuntu,1.890507400402611,0.09197456815573031,0.6600950911028682,0.0,1.2952908153500846,19.653603705891136,0.010671965021461706,8.569195859354123,0.21947696116160445,0.12648822717992522
ulundi,2.8238045276723445,7.062435273580731,12.699365293208354,0.09713127751565806,26.064766161415083,17.162842074960036,0.04862582531838886,0.0032414254471555396,0.2398284318029954,0.2517338712075483
umdoni,0.22959682002396012,12.649098366684546,27.756327682207647,3.428182551817491,22.887494053916523,5.534133193991882,0.01740399271136786,0.0,0.1705497978205351,0.278356002440968
umfolozi,0.20455573501000912,13.192403090224172,8.778755516393607,0.8593530181065223,21.485431615314294,7.93807309741407,0.9585681835267621,0.0,0.7109264360465294,1.7010825044553581
umhlabuyalingana,2.4830943735305384,10.243618093224073,2.9726649822668176,6.3822116081235,25.97184033704838,26.345897104936444,0.004273169916287787,0.00428423657532747,1.9985784194112128,2.902682070536172
umhlathuze,0.4735378926726753,18.26235263733484,24.692327745809994,2.087517487113129,22.937469152782274,5.502226699543829,0.5645353946920014,0.0,1.0040071841951401,3.1993385627114055
umlalazi,0.5403516820560542,15.919059958880739,18.648059241732458,2.572761112342608,29.435037443917974,10.505073296545579,0.2286418687113123,0.0,0.18915159337006202,0.49164769095332644
umngeni,0.0798846059163396,4.212014151716444,19.59785519849723,2.265956045700155,28.686368041443455,17.078319207433346,0.013700364085615365,0.0,1.9272512638136041,3.443962576132885
umshwathi,0.2362612957586503,7.067760067581517,27.027455934459837,1.9405070022202946,26.450905768042844,6.806173969190175,0.029797640231214277,0.0,1.5438014696796623,0.9381758592995875
umsinga,2.1781711512663913,9.697818994115794,17.62195891072652,0.11497604627683489,22.613166752551265,17.441269407156867,0.023586588524452383,0.0,0.3184605011045645,0.5395306108824378
umsobomvu,0.7757125243008338,0.2069950169033898,1.126622372036358,0.0,1.5090777186039777,2.217152260382942,0.004516232321608927,11.458355956727997,0.2961027276115274,2.644810781153705
umuziwabantu,0.18900811215632313,10.980949360469491,16.8903415751965,1.8393796553800794,20.852264547625705,9.69638453698275,0.0031500369243989313,0.0,0.13223509472193876,0.5856531870688368
umvoti,0.6129966080471352,4.370475875464362,12.108459172992974,0.20732112194278124,36.94473512334045,10.728507116742254,0.0,0.0,0.2745486465661981,1.10766204910852
umzimkhulu,0.5783620686897935,10.177441402873155,16.13060312828043,3.1314858886430783,12.653338676472007,14.255868450663888,0.015534930866790789,0.0,0.11592595549899144,1.9955874837729675
umzimvubu,2.98469336804981,12.61099451004015,18.944039199413783,0.548771443206721,15.41331584830572,18.2267182845842,0.0053150638238227185,0.0,0.24435691522540703,0.6510143179826405
umzumbe,0.2836109474841083,20.533934107379668,22.942112428339936,2.3533615794061435,23.885323952660254,9.322856592356842,0.0,0.0,0.044920928877338305,0.11785907831359978
uphongolo,1.7812779796388147,4.112502084066207,14.183315317421311,0.0,34.394638772921866,18.73099834617587,0.009087291084890347,0.002274375265800537,0.3750265468695868,0.4069609799557177
victor khanye,0.25540847444004017,3.572190677481511,29.9557483227845,0.0,2.875574517630528,16.05300059021501,3.2246451246991996,0.0,1.1155280810241137,4.795354629349946
walter sisulu,2.223274237937868,0.3453460096921236,7.721492065381071,0.0,3.1203680872902035,0.6426406079729099,0.014414557775271912,2.159621614116851,0.6906115621071656,0.8563396590847714
winnie madikizela-mandela,0.4420690950530557,16.724425581963455,30.968064729110708,0.6706018893045529,18.225410859149374,18.106121928594803,0.05672024260812738,0.0,0.12882651729391864,0.3535235223445082
witzenberg,9.464120725915214,0.40353781507025016,8.602345812475466,0.0012490441649978296,1.816573607221029,7.412744392462273,0.011854950799872482,12.735521261536283,0.4578319669715379,0.4772088038258484
