Municipality,Artificial Waterbodies,Commercial,Consolidated,Extraction Sites,Fallow Lands & Old Fields,Herbaceous Wetlands,Industrial,Karoo & Fynbos Shubland,Natural Grassland,Natural Waterbodies,Natural Wooded Land,Permanent Crops,Planted Forest,Residential,Shrubs,Smallholdings,Surface Infrastructure,Temporary Crops,Transport,Unconsolidated,Urban Vegetation,Village,Waste & Resource Dumps,Woody Wetlands
abaqulusi,0.2589699679630607,0.05145574707331482,0.08569257909297875,0.05552387023555382,7.944098939461043,0.9533304383429484,0.01226059252719851,0.0,16.89112300906246,0.05395902113554687,14.238520627830727,0.12497602576391567,10.896809121503447,2.8973734515703344,0.0008146519489266333,0.04655140476169394,0.0008160563277975637,8.011895621512211,0.07192576437536814,1.0667086554023693,0.02041289474015561,0.7939583296697293,0.007348693571304709,0.0
alfred duma,0.36177576389020705,0.09408861442092094,0.0660771074296051,0.0511804213824492,6.649091044888618,1.51224265233748,0.11645694013323732,0.0,9.257108945620946,0.12014764429497624,10.274974847614077,0.0353239567166147,0.2508942617166589,6.781169395170087,0.0,0.026073544726178583,0.0,8.34675995189928,0.05214491487900585,1.4286842494473058,0.023291944678432812,1.2362597358335639,0.003719360414435166,0.0
amahlathi,0.4399061561023958,0.0029872878969213756,0.014922180158022857,0.007472311319907001,3.6145294952027127,0.47249066966721687,0.007473372589444132,0.0,8.747785429933739,0.01566046766698371,26.624766603212947,0.06124384250776733,4.5406214285122,1.7859142690199248,0.0029867873987654125,0.0,0.0,5.859121370228122,0.014931017695804976,0.06643567891882833,0.01342024772032185,0.10010114397246038,0.0,0.0
ba-phalaborwa,0.1207148696128505,0.015099660086158062,0.014596619069808315,0.10668695205357447,0.6955132462155772,0.07004672045005708,0.021898154235904688,0.0,4.454356813395567,0.08176728741124457,2.519832006503641,0.4162089330577477,0.01411269253384374,1.1570282715259552,0.003882861147401784,0.011695129017142637,0.04921210881101398,1.0320059524783265,0.049173056238931825,0.3020720224995034,0.01753919414795791,0.059421271565212645,0.33332777555635823,0.0
beaufort west,0.15052006965848172,0.004003492716469004,0.32661218551138166,0.011239096538052606,0.29824143828724786,0.14849313042193926,0.005693685048299787,17.77173562956807,14.369902335026518,0.00615723315649524,2.4727237921138348,0.008164653036186641,0.01428218714643028,0.05003283737364651,3.7114248202948805,0.0,0.0,0.30017964111816403,0.10275708383289872,10.555908449645564,0.002001622033406405,0.02475753060052049,0.0,0.0
bela-bela,0.3543670507576948,0.019069216149167536,0.007413098367728225,0.026506882264119364,5.56072621274437,1.3138567423732144,0.044517973198106346,0.0,4.446976704092321,0.009546797487830222,22.94182276674661,0.03813140053153723,0.13461727852988523,1.0032204286794595,0.0,1.1158382420992556,0.002118732700648083,8.098569174327956,0.0720786086744823,0.07624386128525498,0.11751994837658246,0.060427678964977,0.010614063466278394,0.0
bergrivier,0.2147211760313933,0.028180231675981875,0.5929254596489082,0.15832045391349783,5.062198479486066,0.8051283914299813,0.1057594118221559,23.72040296196742,2.36591455685744,0.27479164001547796,1.9631183127272873,1.1474794464263198,0.22313780702186578,0.25273066367388297,0.012155891575166748,0.0159795244955556,0.004572997658019061,19.527014432343574,0.21837869094308388,2.234261409823836,0.038832312941202804,0.15454502547782953,0.0266757526403835,0.0
big five hlabisa,0.32908066226212035,0.01114857820863886,0.09317938085628506,0.019248401989575087,4.4261004428723245,2.781378257749022,0.006075674395104799,0.0,11.588333441301401,0.5272046031915769,28.007555498023894,2.306834179242084,1.4902885106392867,4.7077217768382456,0.0010145911073907133,0.014199429927365826,0.0,2.1322719201296896,0.11047736876881328,1.2740242557125794,0.00405480217180909,0.4952248463309487,0.0,0.0
bitou,0.05010450977314822,0.10359008147733906,0.026729813182139007,0.03676137096943863,1.1484517809976,0.4874104971455704,0.08353301564360786,8.583560117169743,2.361040104261937,0.10687190071671895,44.79167886164577,0.15024555980993287,6.697629323158631,1.2731647221139528,0.0,0.6350267207844202,0.0,6.013665972605045,0.023372227327926886,0.06012728203287313,0.1436822406254744,0.1335988071456046,0.0,0.0
blouberg,0.06117130551905187,0.005390045373521914,0.11586128034531817,0.0034612771185931154,5.11375248522824,0.10654592971216835,0.019198200494461,0.0,11.473423775337848,0.046796736578146036,7.473298214783698,0.046122827440165604,0.04610486953125799,2.285977174889098,0.0,0.014584011802642531,0.0,7.584012290808286,0.0971543564545622,0.16208530761132708,0.0007674240097773733,0.13463743798902778,0.0,0.0
blue crane route,0.14599397093868077,0.005747965824442903,0.04400196489290113,0.00847717014986207,0.3108488325182267,0.2527032720562777,0.007580572252112724,5.238326619667162,5.560924228851576,0.02001051923994758,13.706592811306738,0.030286097270029167,0.042964256865355516,0.17621084395968392,4.0612975250016525,0.0,0.0,2.400581354163323,0.12952902598286,2.3275722339340006,0.0030279265765100574,0.049138640191925556,0.0,0.0
breede valley,1.3260055282580916,0.07544223363238368,2.423876903664203,0.05896391293635938,2.5588227691348693,0.815675372846457,0.26615272145370694,13.300228166876092,8.043425726325697,0.05036201239406931,2.558223111604502,6.207241107321977,0.07634252261255761,0.508196020869288,0.0,0.007806588831013993,0.0,3.5217604782160103,0.1811328103625942,4.5525180620938075,0.1475016407539933,0.32874740210572195,0.001730643556701161,0.0
buffalo city,0.5666465112111767,0.3125920753965721,0.0,0.09119518009167313,4.167686635542471,0.12152483064715992,0.46590296604105463,0.0,4.681647711218312,0.21914902910654557,32.47861274556553,0.6828504895784409,1.9176845383176746,10.755095566651416,0.023097802717650415,0.28362614686984633,0.0,12.412391390072724,0.05471461608533334,0.3212699701768323,0.18977726618847862,0.2031704207368825,0.01944138764121874,0.003648850159432086
bushbuckridge,0.10690663888764675,0.01734617421117295,0.12608456888171418,0.010971791179130002,0.4900334169603096,0.8921867365581052,0.016288451482597843,0.0,2.949803957526303,0.06659003247420853,15.502761430305535,0.0913815274628678,0.48169338425418184,4.633312638570696,0.00035363802364784007,0.0003543908685575491,0.0,0.9105426441894926,0.05445458152180155,1.4365514253188425,0.000707780671613428,0.030440916354347414,0.0,0.0
cape agulhas,0.052156365306489934,0.02845384306153395,0.12799711202555775,0.04550112365055387,2.4149877436970724,1.339934242255209,0.16499575399563726,10.44243279860077,1.181744228069476,0.9680227700000532,6.499353174477101,0.10430628904298742,0.30504549283070465,0.26666054007580964,0.051290686771033545,0.0,0.0,12.913669790044667,0.08996301371475482,0.35615143788186165,0.01611895407661526,0.1250248542315657,0.0,0.0
cederberg,0.2237179404236022,0.012217248322460674,0.7041050783354517,0.021476529504578505,3.6070852358802057,0.44673925083459815,0.11350348896092022,16.20175084244984,6.490230039912542,0.12046584200482678,1.832541126209208,1.4097409303858566,0.07847482704186949,0.07369724854543516,0.010083763674111838,0.009259128296855613,0.0,15.69027223015682,0.10404654435897627,3.541182137596552,0.018552641598548823,0.10702841389999818,0.0,0.0
chief albert luthuli,0.39666555387641383,0.027727698241822783,0.3295058957607913,0.3093984318968843,5.4906505768248675,4.079820242168209,0.009016676038989537,0.0,27.530268119862782,0.3407396303937663,12.010332084451846,0.032820285893654905,9.826608648630888,2.295099582103114,0.0,0.0019314930119678749,0.0012854367369016953,10.146020538646626,0.07411700647925584,0.23588655177968698,0.01288569510387151,0.4328160729125241,0.2486522274651526,0.0
city of cape town,0.5505143984644424,4.2857333556365,0.45962123521403603,0.36517830675263413,4.175275953019938,1.9136795450980246,2.9481551845211627,8.257833194856184,1.6455814412527692,0.26490266852935007,5.709741151085221,2.1801982021276554,1.4438007284478407,18.719396561716895,0.0,1.3962276238236606,0.029834003916975264,4.052375639224204,0.24550233763091328,0.7156502885741416,1.124670735769726,0.43142001571110905,0.12474120415967603,0.0
city of johannesburg,0.3134361358779213,6.005413424679359,0.16105818064652339,0.45501325396795866,3.55749311271854,3.5879438393216296,3.26163319428764,0.0,10.694868075354547,0.08701691262714352,5.834307597589219,0.006527331331018772,2.615475439696085,35.23673794013171,0.0588204958626525,6.750482576503432,0.002178229465805267,2.413550472528817,0.2677158648732158,0.7093061828344942,1.827334213489599,1.0981997784913302,1.097186970132224,0.0
city of mbombela,0.2200986268948929,0.09455169342172168,0.1537540402382368,0.026649285491303142,3.0132133501923892,1.4007611874769355,0.23837251647314886,0.0,4.5038679001485225,0.0402527871973993,28.147429567962362,3.7494414673245764,4.69334968331542,4.502628925684126,0.0015107788796374008,0.27745336400610976,0.009065484925906458,1.9308538333041982,0.08949930253933744,0.167277857411298,0.058300755694836566,0.10411892652056214,0.027727446613528498,0.0
city of tshwane,0.5436698058475059,0.9917064195076507,0.1956383571949877,0.4814113071530369,5.454115485143799,1.7443438081936817,0.8230267278693355,0.0,18.3025492835716,0.05365587001962021,15.721378250679932,0.12256423249791319,2.098660149431456,10.956656806517442,0.03197720766823071,6.971348106199088,0.006840309261683671,10.747515864564534,0.15456552937444049,0.3057582520467739,0.39200844674193003,0.7803035804768298,0.06950970838363513,0.0
collins chabane,0.08201444543205835,0.011720833032342963,0.0036579712445127164,0.010993196714597394,3.7996444253340895,0.02924317769640069,0.0007332678198146999,0.0,3.0132372619660743,0.010253542734236159,14.027664549573007,0.14589415562962335,0.010266994517131943,5.709226331379573,0.0,0.0,0.0,2.5531194626345735,0.04398845950828336,0.2922328723321247,0.0007325633146132838,0.04176061536642181,0.0,0.0
dannhauser,0.4884600445705206,0.026767207513672363,0.012352937651793443,0.19352804792619255,4.301495969292316,4.294825253712871,0.004123404363722476,0.0,8.863702985349207,0.07203713712475925,3.7454635690702016,0.0020605957179561617,1.3396384595249249,5.8684831370268125,0.0,0.06583810180683977,0.0,15.221615145507528,0.03500470269488146,1.0787414995166684,0.02678657552863018,1.0561868322277161,0.21226063284698865,0.0
dawid kruiper,0.020729349006526857,0.0074375382659537725,1.630480816810617,0.007419873600960053,0.010838234596351698,0.0,0.025396330696990013,5.20137055555562,7.885933468602202,0.13430127452983093,0.8929830157769819,0.09981609501036352,0.0003221168018238408,0.06337866820081695,2.6297919356077566,0.0,0.0,0.01989410069618708,0.044735312269785235,0.6373171244741509,0.0038827205867711626,0.017847160540523693,0.0009676452747159215,0.0
dihlabeng,0.4132855272283506,0.03958199510813624,1.6651255422583782,0.03599557705152434,2.951746351444595,1.9495291333327294,0.13608665599288014,0.0,14.019470463667565,0.19271000347968972,2.3180025667437487,0.05265815931117753,1.4701768010623577,0.5473318299400552,0.0,0.15401748498787265,0.0,23.29778558688144,0.0979839958170289,0.5396711981143825,0.060514524881586616,0.25781048719944333,0.0007200013234162735,0.0
dikgatlong,0.10186127154083241,0.0038465905099995036,0.198324894358173,0.3760425665513833,0.5259054238010098,0.0513913785881487,0.012016882984227843,0.0,13.181290922772275,0.3025321677990736,14.179074485790059,0.0,0.017758039567079952,0.21127963583983175,0.21104623984932608,0.0052954799517168786,0.0033646285139522494,1.009314774964153,0.1497170696249801,0.08928907532790009,0.012992850014011759,0.03605335073780524,0.04367837842989948,0.0
dipaleseng,0.47477219673143345,0.01227069135110593,0.019076394722390935,0.027246203083813106,4.178419833959749,6.760977071513012,0.06544586401387216,0.0,18.929159323651447,0.152819966375084,4.2383646972226465,0.0,1.0768519501631688,0.6693351362847687,0.0,0.0,0.01771184867069159,23.961035778885073,0.09003689921359974,0.11595639942521141,0.0,0.15275288528290548,0.03545248794835306,0.0
ditsobotla,0.13615157981353618,0.036412983501974396,0.1033465041566317,0.25129334092907746,6.703576159853586,0.4877755946441712,0.04761280732090693,0.0,9.034109251282201,0.09970094890041425,6.157241791869986,0.016830636875843907,1.0840668450341984,1.0544280236529628,0.031926543603151995,0.09295579580013155,0.03696552347867262,13.028127008942208,0.0739481475149394,0.025150685977425487,0.014005932886541285,0.16866862374097516,0.004475118035876661,0.0
dr beyers naude,0.15168915574480704,0.007241954845716051,0.26173080523666564,0.017753413215857182,0.31932266389033487,0.5517916145814105,0.009113340233907969,17.283173476787088,17.936612415923832,0.013364032634355592,4.851960353295616,0.003484859877049264,0.010555130363708936,0.15215217597667777,8.527247197812823,0.00209222214149094,0.0,0.8642415612179366,0.14648612576667852,8.27828232760369,0.003259067889623304,0.04578709405525491,0.0,0.0
dr js moroka,1.6296469413192414,0.0305584292821511,0.0,0.05856532750681415,8.790079837846726,1.1053533490944976,0.005092354531243153,0.0,3.9405291345765066,0.0076398401175829765,15.550235425929909,0.0,0.017829179929082384,15.228310029210643,0.0,0.16546972047315056,0.0,5.370448666151596,0.06876610590219448,0.11969601983757604,0.0,0.19352226453740176,0.0,0.0
dr nkosazana dlamini zuma,0.5885306950539226,0.020149968257623704,0.19089875983556195,0.0038401188395404645,3.1926691216422305,2.8309278381576797,0.0038439296745924395,0.0,14.383672075892267,0.09218782054522275,6.923054561150497,0.02979087359792208,13.273708858279921,5.045402735190974,0.0,0.0,0.0,12.653302568309083,0.03934244636413967,0.1565479088071038,0.04894849081543263,0.5906626452832634,0.0,0.0
dr pixley ka isaka seme,0.29773416744736647,0.011546131501347206,0.13385467855768324,0.024412359640069107,7.709366589356975,3.3879120525467896,0.0298454145222258,0.0,5.83165689631734,0.11186353051218795,3.9612057695535956,0.008120582913497931,1.5528121685837721,1.0787641993884607,0.0,0.0,0.027126742151336748,19.105668313960056,0.030532633352369165,0.17638884730566287,0.012215167399420884,0.1594207143252211,0.06237620808349928,0.0
drakenstein,1.6323783455666332,0.4763402774812081,0.5822454707290657,0.023828400705759166,3.574045120384532,1.5903196107394362,0.8117426625199473,9.865823865491125,4.544253969431456,0.049784412718925794,5.80148443639673,11.400962108548901,1.8270125332615066,2.2966060069547085,0.0,0.4135788267973935,0.0,7.03678667280478,0.15140384104194152,0.8942766532210944,0.23611631135928798,0.5884630506933072,0.01298366238859379,0.0
edumbe,0.14558828482273672,0.02909828527628212,0.10374040076525742,0.010924966105097774,2.4388447250525034,1.2810485480681837,0.023656857626154184,0.0,19.176016784194356,0.10007028249614894,17.52002123503706,0.09284396373699502,17.779578648063325,3.6654479127846686,0.00364062808847369,0.0,0.0,10.142319725866702,0.1564479528427005,0.34210889620441665,0.02728034856079564,0.47668641661831246,0.0,0.0
ekurhuleni,0.9210317270273066,3.0121849931548046,0.1320775765209989,0.6586465631631042,5.404936751615862,4.68079321938365,4.786385257575733,0.0,16.41280396720344,0.470375777607253,3.8945772291338567,0.05239967575826592,2.708729499489755,23.539867821275244,0.19514752430944327,5.417172653576996,0.09774339102478849,9.224127910191099,0.29122661964125834,0.5264054233575881,1.1270488547998836,0.7126764597605882,1.630811909635957,0.0
elias motsoaledi,0.1562334357998211,0.04076152542713196,0.3211618656980399,0.19593147727575244,7.145988359515077,1.1505008574126037,0.8157795522405218,0.0,13.613379532172724,0.09804970471462333,34.74869326657638,0.8260067045910252,0.23778927170577427,5.1722104531397415,0.0,0.7193860132768753,0.0019411620772873432,9.045111368942123,0.034931526470209355,0.7604082695806218,0.013584709791144105,0.5325501610007474,0.11159137027771032,0.0
elundini,0.13046118094659542,0.006823498315804656,0.27887780092882036,0.008194411228697851,1.592958908780761,2.1912946294903075,0.005462974440094247,0.0,8.498916417619,0.058623605376889994,5.896141168315894,0.004773901483067157,8.02892945230062,3.867931493930169,0.0,0.0,0.0,10.846000798593549,0.04223767399000805,0.6207006708833567,0.00887513396819993,0.6190476858571329,0.0,0.0
emadlangeni,0.6800160464020294,0.002995978338329431,0.11162456306456334,0.05588333830307343,7.360098980637914,4.250274081693833,0.002997433238293599,0.0,5.2138627238456206,0.059837614654966745,8.75891289235853,0.0029894927336153714,2.9755153657829445,0.5783589827738805,0.0,0.18571025459923818,0.0,8.258383288582754,0.049852514041807724,0.6796048005300133,0.007984474275501524,0.34026204100741136,0.021953317447108003,0.0
emakhazeni,0.3589243000533868,0.009864970357238271,0.407042874508931,0.37285522883280425,5.3999281050398,2.644597902337114,0.022774123020143915,0.0,11.161036039569716,0.0508656458581696,10.823217343290901,0.09026343819136204,7.114686751625893,0.5022925022762351,0.0,0.0,0.04254236450784994,10.067772559377396,0.11682052384913809,0.3403980465897324,0.037119873572870846,0.10316727582366123,0.1261171343199385,0.0
emalaheleniec,0.6438816524219195,0.009748754360972629,0.2911974912452105,0.019477144052874963,2.6205654490839194,0.12169115666635574,0.0,0.0,4.1009569344388135,0.0917457131560333,4.8718538470610815,0.0,0.2978440497279986,5.387142257985488,0.047783395483392374,0.0009783068050400615,0.0,15.486510716598216,0.07506962007062233,3.043349101700442,0.01167400860449294,0.685741955245693,0.0,0.0
emalahelenimp,1.6660529511985054,0.2965318430174472,0.014702163687205595,2.999901867553791,9.091870558919489,4.9787077668002295,0.3329338491152621,0.0,21.97349839597149,0.27964511338460013,1.2955284126859694,0.0026723440087012625,2.6654171020820514,3.441566246827861,0.0,1.5058238243245543,0.24844653647668527,19.68296755747516,0.20039977878406612,0.6276476531262324,0.12296077555751964,0.26055640890942244,5.438534938437376,0.0
emfuleni,0.5681889270052223,1.4532349315688557,0.055305548204789286,0.3576795016115658,4.823187675220451,3.436473096993424,1.671095483171647,0.0,17.2724027146352,0.03689204448943714,2.980254571608034,0.07734906891523384,1.7928728327650696,12.744890553229812,0.0,10.070100727175275,0.025829778160603327,14.540967433053416,0.2397326823812242,0.5088991723974933,0.3357688435200837,0.6787420769279848,0.2840121712872542,0.0
emthanjeni,0.223338116818587,0.009668624043989826,0.4834417180455968,0.043734134885308924,0.8172286362523259,0.4534658952049806,0.06819369370583916,17.477745519213272,14.23730754910555,0.07279221044864027,0.8298688886382093,0.0,0.007907026301131418,0.08323744380643708,0.5035004360390823,0.0,0.0005091944886942084,0.3554038414354339,0.11687077130383468,2.7168183699101625,0.011214572636638564,0.035372409807644764,0.0,0.0
endumeni,0.3206907393741871,0.06980735683728954,0.0130936937669572,0.08944662005131317,9.986426060811217,3.0777762902322983,0.04800032027276358,0.0,9.674345456946256,0.17878497374971167,11.652723472473786,0.0,0.9079930807900614,1.8157143141263212,0.0,0.1090580737247004,0.0,12.55899372372731,0.00873265788925424,1.4592567191761436,0.10252915662589664,0.532400226201082,0.01090649808743334,0.0
engcobo,0.02596032330502065,0.008196535373938985,0.0218504896616688,0.027363778338081502,5.641093768749124,0.10785883915702676,0.002731808540348664,0.0,20.40594230543647,0.25825692263612626,12.072327368319229,0.0,1.3658656805922638,11.60197855065819,0.0,0.0,0.0,16.780558288334163,0.02596688714516054,1.3550696949762013,0.0,1.4768882694682777,0.0,0.0
enoch mgijima,0.32376957421194646,0.018722915218972364,0.9407576089350466,0.01945415843765651,1.6292107194677807,1.8510762296524657,0.008231424241727944,1.5588469927293989,1.6706192239944444,0.040374797157659674,6.126055516614794,0.0022468761865918367,0.10553656929398939,1.1222889835291012,0.21025111647469683,0.052177953651716014,0.0017471922313053111,3.455557678930009,0.05236304003362409,0.9736480668682532,0.015213808068949598,0.13909673768387087,0.0,0.0
ephraim mogale,1.2926196515252792,0.0215647233534706,0.06823042272195447,0.11318215728515281,2.723319827549871,0.31807345499077333,0.8610920010760869,0.0,8.496567976895024,0.0987896780535104,11.993081382683526,2.3477959136410336,0.08986984591220896,4.213363925103284,0.0,0.1941630210678696,0.0,9.688879029177462,0.06641889464453987,0.2621930893841487,0.034148453521489236,0.29993998684667494,0.0,0.0
ethekwini,0.7064930020470253,1.601768264911099,0.13396235742202464,0.12846512211642228,6.391945448634978,0.5127701043869242,2.522011813217826,0.0,9.177051126420194,0.6049896197602231,23.795833183658186,2.6351684311103356,0.4280159344092181,35.30376560495542,0.0,1.8939877231432394,0.022974291245383124,1.442650082467593,0.17577471163680936,0.3895496627284247,0.9212947181984363,2.074873572385501,0.012174546982831842,0.027069736082267315
fetakgomo tubatse,0.1591945156284913,0.03499960405287619,0.4924467297336982,0.3345645877892178,3.8695726832105812,0.45820973099115714,0.2660737852001829,0.0,16.42031309070065,0.07621974468680635,24.920384364495398,0.30493586027890907,0.008274763039648643,7.26343683335969,0.0,0.0,0.129232761421152,8.13660368782894,0.06550231571559934,3.209300081833166,0.0063600806609259795,0.8283958087921802,0.5228879447794426,0.0
ga-segonyana,0.05096697251049754,0.03293219190331797,0.06039425844642921,0.04786559448686308,1.2497211688977825,0.0,0.02195944790602771,0.0,6.988918935297832,0.08864861613854569,18.905860322851638,0.0,0.047913971929574015,1.9839323265514661,0.477716563373243,0.043906695016638464,0.0,0.4020871934207565,0.07142256219541471,0.04784760838767292,0.015685540193025385,0.1254194392624641,0.0,0.0
gamagara,0.04403177672742451,0.08805298272964267,0.1657084066979788,0.2682349892524413,0.7130465151264463,0.0,0.2931975521152039,0.0,7.292836015315167,0.0013336448908411143,15.052439031884465,0.0,0.014704144014067829,0.6216462155347199,1.2169421708442432,0.01065862907779659,0.18548206865090539,0.04801187894120024,0.11464073798762248,0.11470897415712224,0.053356157954455925,0.08000127309865557,2.4246058431138917,0.0
ganyesapomfret,0.0031594874104008963,0.002251638506168834,0.0724179091322084,0.04154907402999099,5.05860297049694,0.0,0.0033036490798307636,0.0,17.78967925076034,0.013372421816346573,30.772877040513926,0.0042258139428161725,0.04013867894427271,0.5344561840244691,0.06047757619547348,0.001351047687953356,0.0,7.684770646495558,0.10663060795350107,0.010650661453593994,0.0,0.04068642392798658,0.0,0.0
george,0.1261074959476519,0.10647978944577137,1.6950306721773132,0.00704904348538032,3.30809507994087,0.4815114603527358,0.15076613397830224,12.365170455485778,9.873183470599562,0.07184007300922571,12.60350618487861,0.5888028679556813,1.6292719161627716,0.8119750940828988,0.2219730396846731,0.08660616113084617,0.0,10.853670674220073,0.11562306845525126,1.6656150502936475,0.10776638534392223,0.15170951740423752,0.0,0.0
govan mbeki,1.320629398094427,0.16537144993727473,0.00241159655491686,0.244763125404909,8.109501055064895,7.421056013601787,0.533747866317248,0.0,23.384257669102205,0.11458247226015021,0.7190221006520113,0.0,0.5273914852022074,2.3152936874173604,0.0,0.1073906549721793,0.05190485841407861,23.29079108576979,0.0989538573191345,0.16294235024124035,0.08329321347252411,0.2015507800020708,0.6459599453976328,0.0
great kei,0.1165725429313897,0.003954411347411754,0.0,0.009882907235678596,3.022710052762095,0.08096637138058937,0.01976919870155903,0.0,5.543065398183027,0.10878989783122878,23.84728620813053,0.03557170516830019,1.1417969319337116,1.332061120736,0.0019768953165522655,0.0,0.0,6.540718409820998,0.007904330221383805,0.09687056459096685,0.04550243780514999,0.04151128358575323,0.0,0.0019782916639534743
greater giyani,0.17532462131324164,0.023674318465379207,0.003508665160653991,0.024555097232983332,9.528405120128381,0.03244396065089176,0.007890198792967216,0.0,1.9608323644747248,0.009644445624271232,9.737974591710723,0.016672462100847083,0.010522927114163432,4.822833518552819,0.0,0.0,0.0,6.796418482963687,0.061375858462994946,0.28858067343203064,0.0026305575503000377,0.14654216033433276,0.0,0.0
greater kokstad,0.8476926651410128,0.03348083699888749,0.07178889151087849,0.025744424921485685,3.9371669223220294,4.361045186357849,0.005151505097054535,0.0,6.263777848525645,0.056607052821899435,6.5579401282487115,0.02696984157698927,2.0848169043640614,0.5533625305275057,0.0,0.0,0.0,19.461095096955933,0.02700930040658516,0.03729468885565924,0.033460611266878174,0.2249706995149106,0.0,0.0
greater letaba,0.1695038642516691,0.023130960907509667,0.0019257699784128398,0.026962302335138615,10.499621875554695,0.2504665839247349,0.08093092523935519,0.0,2.7640726316499493,0.0,26.728188491719994,0.8596822241518339,0.6189566294627192,7.33335808174412,0.0,0.0,0.0,14.491355313057587,0.20220098849893983,0.46591727435467856,0.005782661369270019,0.15601061906102856,0.0,0.0
greater taung,0.2043833682924569,0.022574537936817702,0.08278134218720493,0.0357912038590305,1.9695614451558014,0.10453844071443258,0.0031372142770836396,0.0,21.558279665008865,0.17855182742028486,14.962634797720607,0.0,0.14404201748518766,3.2838168679743283,0.08279726811828969,0.0006265082166590095,0.0,1.8036349659710862,0.10289441652487642,0.04206698210231803,0.0062716369651992865,0.12361712092327937,0.030702583357117615,0.0
greater tzaneen,0.9255438273335669,0.07545668998936636,0.007543193433070798,0.03018163868026738,5.585173150293396,0.5396751189101596,0.19739508696503572,0.0,2.152187865047061,0.023890582894301154,34.820902829110985,8.176304432359894,8.893154387884763,9.077685199878264,0.0,0.03144268919230862,0.0,4.602262541428736,0.1018822688793521,0.08802330801628766,0.040223907048814636,0.12449417110688822,0.0012587955728641945,0.0
hantam,0.0935998406003814,0.003328107516631397,2.686122787940174,0.023422198236723642,0.7658491182912057,0.042678383638289796,0.006703197964518241,25.493908549936254,6.126254885924579,0.24843971249376803,1.3394501664045864,0.03280597242245769,0.010024225790013629,0.02793172603863291,2.707239364760005,0.0036917176607104735,0.0,1.515752679685932,0.15966288185432673,20.340195096696537,0.0011381696729779222,0.0213731409411624,0.0,0.0
hessequa,0.06329774598740052,0.014415413212610063,0.29734701984342704,0.033406064093178825,2.5908289329513607,1.0214183797650132,0.012681076074709812,15.193456333594703,3.4038082940407284,0.050775198566004445,6.410067194125668,0.1444654743259265,0.8140550933799047,0.274526784764012,0.007495531973153699,0.0,0.0,15.11614772310227,0.09677975875666502,1.1492769097368372,0.042679203448700506,0.1907480556617016,0.0,0.0
impendle,0.3317106803722755,0.0,0.13354186457362516,0.002155409410275833,2.7975847119763926,1.7297977541524683,0.0,0.0,4.320647000131433,0.12288669747934755,9.15614309644277,0.0064719294016685755,3.7057909319544104,2.405290327245226,0.0,0.0,0.0,6.336750825770632,0.019395790069336373,0.18097355570379586,0.0021544116688656926,0.3362022656608255,0.0,0.0
inkosi langalibalele,0.3714509657026099,0.041035683157444616,0.08310502859988644,0.02257416073184188,5.048672516915317,1.2184252747152535,0.017435161366975878,0.0,9.467086768019488,0.11277441678165251,15.440480822400579,0.14229815514066396,2.9548837805814854,4.438495857571971,0.0,0.02765818481716483,0.0,6.487137876558782,0.036922921208246876,1.8915249160384866,0.029753198503998494,0.9148720575427791,0.0,0.0
intsika yethu,0.5659425874121679,0.005948609990192054,0.027362172899158044,0.013076398305100111,4.946595996166607,0.3325678335036058,0.004756575885236104,0.0,16.31172996881562,0.12120256840952898,10.07689289552927,0.0,1.6186991402615227,8.75286211644414,0.0,0.0,0.0,18.93426128229996,0.04993239064575622,1.6130481093682967,0.001189126495078931,0.8345020110046715,0.0,0.0
inxuba yethemba,0.15173292409179934,0.011028254717207132,0.2464200656827547,0.008731753822894636,0.5773312113842618,0.8620164561214345,0.013667939969338698,8.200748764994403,1.5707042936580324,0.027350576849743718,3.5669681508624205,0.0168832892039227,0.048760462257495266,0.22021764765050042,0.8151818952797174,0.0,0.0,2.9441730110944047,0.023250249145132403,1.812667655818362,0.007552246767990293,0.04123534311267573,0.0,0.0
jb marks,0.2795073289434916,0.06474413225258631,0.007804006636894926,0.052407034697662835,6.495675393287449,0.9322664747739086,0.09599809473853191,0.0,11.767279239892346,0.11641473768630754,7.715998411622216,0.01394609486770229,0.8191722572955957,0.9139002264310045,0.027262871368362772,0.8652710097352336,0.0,24.450082636625154,0.052431962457348276,0.03461770996741076,0.0714611574073812,0.28155390889411186,0.09492250755172722,0.0
joe morolong,0.011297256959540017,0.0005286514346906893,0.3868117137411929,0.06996714915547736,0.5199482272263563,0.0,0.003535970402355385,0.0,11.083125956669345,0.04315806243466158,21.70361546052638,0.0,0.004411320016354713,0.7108243065658565,2.634705300751832,0.0,0.013426058433545806,0.009356855743357043,0.13467826415196452,0.06776939497297638,0.0014125602358980177,0.046207225235240255,0.10664525627147983,0.0
jozini,0.16028145258016274,0.028838114252516034,0.04015169924217712,0.035021943420119876,3.9608919280836834,1.5918567357122808,0.01542194445740077,0.0,10.57062499149822,0.43183863995992755,24.025304182749757,2.1125427520668087,0.002052730600815673,11.203951326450483,0.0030893717244932185,0.0,0.0,7.461468363734472,0.14943019575862537,3.6483491793780174,0.0,1.1775143620998747,0.0,0.0
kai !garib,0.07366983404630896,0.005572625322997117,0.9322570133700103,0.02440860285778184,0.04384395726074839,0.0,0.13806981449878017,4.065077273867987,5.638540313238704,0.22189913426881802,1.6198097889135725,0.7194745173458922,0.0021212019326156415,0.05690097617479494,3.061857039722959,0.013383285493008233,0.0,0.07140685047928494,0.11045179912534588,6.996950310054353,0.003855086835945517,0.04245828729764671,0.0034305911864807984,0.0
kamiesberg,0.005802542356143465,0.004601336603341328,0.2069693201560111,0.2597745271556724,1.1763305817907825,0.0,0.0009672366543856872,18.060155340792583,12.036281937284974,0.013757946643483112,5.243642676944669,0.0,0.0,0.04162404408385881,0.1911074740041289,0.0,0.005806560833013497,1.4843798430341113,0.06267399295599545,3.0093183671099943,0.0,0.023968605680883805,0.007249599930132541,0.0
kannaland,0.1296129766810776,0.011846503971034572,2.509054462096477,0.0069704889976394645,0.6042109821729408,1.0613824302215475,0.003484006128221341,26.078570887061737,19.424785065368216,0.036230741387240153,5.483700005322954,0.6025504768018436,0.06545534341551089,0.10587399026654445,1.6893973305724943,0.0,0.0,2.1163438452395313,0.16873918526434806,7.058530279041479,0.0,0.14773797459986396,0.0,0.0
kareeberg,0.1358224977310544,0.0031101486227014573,2.131127465238677,0.023471483651598696,0.5771752322196652,0.0021437100685159903,0.0044769823355423335,9.828132817075009,14.456292688668666,0.1716014399777477,2.292859947107393,0.0,0.000584201684316682,0.020805106544760962,0.6521666428968269,0.0,0.0,0.18948819577350742,0.1227563721050864,11.013339910120001,0.005445951216439429,0.01784415002749546,0.0,0.0
karoo hoogland,0.1589431419136324,0.0031483378050573565,0.5365228560134622,0.017243915276370845,0.44944098409255845,0.055149780120316,0.000670896039747153,8.47831722171384,6.66501227959082,0.030329932857800952,1.1202886576090827,0.028942135840750813,0.005284160587038434,0.015390883897650089,1.3118191032948552,0.0,0.0,0.263957311540004,0.1139500206837249,13.436118077400893,0.001126337174417924,0.018857919176503563,0.00011300794063549764,0.0
kgatelopele,0.3687042944257257,0.01983777492825001,0.25374615298376085,0.11624193031757692,0.24632633297591763,0.0,0.022684524876858476,0.0,13.73995385446873,0.9301115273419481,15.283653561141815,0.0,0.011323120377869603,0.23381985850838888,0.9097018893657969,0.07505780201034418,0.09218581179484002,0.16985462076061733,0.12900317032451517,0.11186159270991038,0.02552571342274213,0.03541905504885282,0.7034800187552175,0.0
kgetlengrivier,0.23838789797532609,0.012647128449976272,0.11203123162343334,0.07767553399036224,6.044083066652506,0.17436771565424805,0.04791526181898257,0.0,15.805487927048368,0.07962229480494029,23.53256033135286,0.015370747668476003,0.7499164936478563,0.29816876044006907,0.004524298805777405,0.18679254535958703,0.000902147928394978,15.303092549782534,0.06774882528373119,0.2864656930508638,0.023486018987519598,0.1545533942561609,0.0794711340912598,0.0
khaima,0.032243213076650144,0.002856958221756083,1.2139888531072163,0.1661138183335063,0.0333809470032289,0.0006573281950400349,0.07720171892125419,6.178278103184334,6.962773309097978,0.41174961453083037,0.5387388639268132,0.08614103474645711,0.00021938733250895484,0.03536553383070213,4.523707064045504,0.0,0.02266233406461388,0.0636233396639191,0.10879909873684039,8.353935774104272,0.004840506478734285,0.019825532664158513,0.011001297130306864,0.0
kheis,0.030729556285717663,0.00405819038425551,0.11845351279825986,0.015030266889788538,0.047839802452773444,0.0,0.020892880451436602,5.362712450239288,8.884660636084742,0.16024947051682736,3.8320033283733617,0.46338718828162245,0.0006230868516279588,0.029951953516585254,2.869737433001713,0.0,0.0,0.020913173197337404,0.10016483607242092,3.8071715118083223,0.0012486814433012325,0.03060628409721828,0.0,0.0
king sabata dalindyebo,0.031419648413840054,0.07287056045033476,0.012354987246245057,0.0639845771113244,5.761439795218271,0.39807778579323544,0.05492532031985205,0.0,22.400654775403716,0.04491999336899262,19.394039874526577,0.0,1.181500303838741,16.74135862939472,0.0,0.038103357308299154,0.0,18.190138053337893,0.046035730491560366,0.8499120566822106,0.01681469383690874,1.1534399740532002,0.0,0.003375861957939482
knysna,0.04478558979133327,0.1882437008287779,0.032873225996260004,0.0,1.2266905373743544,0.5645819002999416,0.06274775342816137,4.128708559681144,0.6325617377855887,1.374090807919358,29.89857667524474,0.08062253172114933,19.43021163161231,2.1694224712298036,0.0,0.14039608806241782,0.0,5.489526308210447,0.014933851194145671,0.03285282331740152,0.2420617261616741,0.13737681535305782,0.0,0.0
kopanong,0.3930839639875397,0.00463603925034804,0.06217450800780729,0.013015786514377398,0.7482864630745985,0.3622536232962469,0.0013223466430287286,0.02751438496614202,0.603675548491633,0.11078728120388323,4.76029135616818,0.004855319413076642,0.27150695532268754,0.0953931518299315,0.9131067708228395,0.014414431838430828,0.0019818835785072844,3.353857298544007,0.028511130128950415,0.5763033864384847,0.013476006191320769,0.05228134851053732,0.017837699032650513,0.0
kou-kamma,0.23025732819843694,0.01727840478464778,0.18083024149137839,0.0,1.9553438540074306,1.1339308363125653,0.10728619983984346,6.0114809398562485,6.283733762594848,0.029151769835183472,18.26821436269282,1.6998200357828541,4.998614205810597,0.6579222130807575,0.06452303394524012,0.0,0.0,8.396706771180307,0.03821018135216159,0.0573438035507351,0.0009090307183185678,0.10005729770053008,0.0,0.0
kouga,0.2456820411820655,0.08563017753520014,0.07189442373681058,0.04469409607261264,2.353113165159538,0.4642026726959911,0.14141817922336664,10.664700910353481,6.529518014377215,0.3017379481920963,28.362268355547773,2.326418679574809,0.8722816035616062,1.674436903494184,0.1423407579901607,0.05834503305048936,0.0,16.634543109751394,0.08184672936369931,0.56063604154827,0.05217038862348364,0.12776073868162083,0.0,0.0
kwadukuza,0.1877962503839657,0.4791220916702737,0.046921935594736154,0.04695292277983133,1.0322659979100886,0.8732647150226248,0.2912656269809468,0.0,8.427316651110138,0.21130380948652808,12.648806541577692,3.0552568942468126,0.6807477475630486,10.291891516260245,0.0,0.0893115794253951,0.0,1.0368120941865853,0.2583313604397845,0.38509619600194467,0.5970223830301243,1.2440437748799333,0.07988478578153431,0.0
laingsburg,0.06745002464491316,0.0038077665730250846,2.2187538795128043,0.017515185974121477,0.5104746720591694,0.0787564226265059,0.0034270517524553077,22.06112737838531,5.241317625524494,0.004193292233457083,0.7026727777143916,0.041925122329348675,0.002285689041377335,0.019801107588574715,0.8529598630180343,0.0,0.0,0.4103335550080899,0.13309221236590868,17.46564691854163,0.0007615158192418632,0.0316014673329058,0.0,0.0
langeberg,0.2820504487485634,0.024225398105658165,2.878093246673125,0.041856185664443483,3.384482715655034,0.6191369750194091,0.10877050710984429,10.152283034176964,11.388648159667579,0.04628714001265419,2.4606126986315378,5.460485104984563,0.13434088375594538,0.32829978120963166,0.01542323549446705,0.010276059852669642,0.0,5.604119054691716,0.13145313951746995,5.680094114140472,0.07419501444069687,0.2688418906613171,0.0,0.0
lekwa,1.363086903087949,0.027080806595813748,0.005413367071721318,0.017014636250440484,6.3501683443063275,6.3344948479218495,0.11524130050566762,0.0,18.202048156847177,0.23212229787219957,0.3658135725570112,0.003092591558118395,0.6396422383245639,0.7411556156419488,0.0,0.0,0.0030931930133735676,32.736290075681445,0.031709747636539914,0.21290992986614007,0.007737156605204903,0.16631332631281331,0.04869939573167605,0.0
lekwa-teemane,0.184625011940264,0.03095185358007323,0.08017161149082698,0.40566672248538693,11.30241222723763,0.00964962666911111,0.05804957762326899,0.0,7.071533568382329,0.25581521768515625,10.927115105557494,0.051317819939493886,0.23268845257101242,0.4314426226310471,0.140032265783432,0.0,0.0,9.159704719655558,0.11113831518005203,0.021247623512081027,0.017415517453794205,0.04542042024694758,0.0009660960905015634,0.0
lepele-nkumpi,0.04168398113771334,0.031269200124626244,0.18957260614281254,0.043794133771871406,5.443405696993284,0.13854389854129195,0.10111121310034461,0.0,13.738525109339895,0.001044091395888253,25.550517531471442,0.22511137465564643,1.0451383962888148,5.888943600303515,0.0,0.03439114525116487,0.011468616413634003,6.834529715097743,0.06154041217627146,0.4086590472624601,0.009378798496374045,0.7194938394962738,0.05003792363181712,0.0
lephalale,0.12080371613731111,0.011631930969220898,0.23870016704613653,0.059485319004653474,2.333805566676039,0.46409974909859497,0.055506925735895066,0.0,4.923895994425724,0.1212007638832292,7.308904718907853,0.019755512336330296,0.07111285469033289,0.44441193216624403,0.0,0.003683840297940418,0.02114835336777797,5.027848540607073,0.08268340392171769,0.15539704649540584,0.004494279291617774,0.059094879801223715,0.21093891224174618,0.0
lesedi,0.6770472715085633,0.15141058447953196,0.1105088758295151,0.07931566239108563,4.69738697908689,1.9823904264445489,0.360563999123317,0.0,19.05643726790176,0.12735189995764123,6.413813388697767,0.0,1.8312886447289372,1.4322172670013193,0.0,1.4859353313821575,0.0,23.020859745841133,0.11770669961032314,0.28351934074703183,0.05768376704412835,0.4587542579196974,0.1943802566536233,0.0
letsemeng,0.5635767047802758,0.006369550507098887,0.2726144190406874,0.025457645616030113,2.8324752137185945,0.6448316319404478,0.007416815993970224,3.1173364589981194,4.660398365241763,1.4232264829458428,5.609989929977082,0.08369265891955015,0.30089850002775076,0.10209594442688807,0.510666097524236,0.0024658166042774384,0.004598897053313509,11.412115930312861,0.058724125201166544,0.46248209227891035,0.00883865310840658,0.05302450257548214,0.021579702984974827,0.0
madibeng,0.7963116945052762,0.08330430069340371,0.1492410267586339,0.23333620590384743,6.697633328769155,1.3678312588596162,0.45223008807342224,0.0,11.7154173269914,0.07246377446942862,19.39156677413081,0.6986297643603072,0.8371011900900764,5.5317578579066575,0.0,0.9688581986420544,0.107523760697771,11.196946698973868,0.09385355050286968,0.15968207224194533,0.07268731099805421,0.3427654616164542,0.5308159400380065,0.0
mafikeng,0.2321019496805812,0.1503407542590274,0.036385390342677425,0.22999965912727585,5.834002385866701,0.024549920445111034,0.12276813402459415,0.0,15.285975511904775,0.04831938429116239,20.34585998988974,0.003933986477655709,0.3129049633106032,7.036839937599584,0.03932093020143654,0.06484410303752092,0.011786587195818026,13.268348617123936,0.10814039138569972,0.02947549517763965,0.05108343105848423,0.27339174906850283,0.026501792424674996,0.0
mafube,0.24030693974469533,0.021369861009654424,0.0062219635837021964,0.01780963528769157,2.19949785584574,5.231944457774795,0.02760464954621735,0.0,13.047812387955693,0.29918989161429604,0.14242417770667812,0.0008903217834755413,0.3561875459372362,0.39176808387320416,0.0,0.032953077200219574,0.0,28.195621027735466,0.06323331924805799,0.2911254055126047,0.015146629913437981,0.1487358351288907,0.005345949497998622,0.0
magareng,0.10445108055466996,0.024976371294278765,0.018177531377836717,0.15242456410713276,1.4351963963837187,0.20875328467103765,0.018164073429096133,0.0,5.816065273772436,0.6905554947257241,17.118741370362052,1.0300413390922278,0.02498013155706458,0.4223473024789972,0.23889952009193596,0.0,0.0,4.005425630956955,0.13173367549147383,0.05909441212433844,0.0022705757075813945,0.09540189224054912,0.0,0.0
makana,0.10672278957477527,0.017549261328407745,0.014490206026429055,0.038134114199263415,1.4231232929100086,0.06410430370023519,0.009911077955344518,7.0656080159177765,11.272121694345048,0.04339188369125813,44.79182977955008,0.6533422951352976,0.29109976965936113,0.5553956035706761,0.3052895041793952,0.0,0.0,4.251827987763983,0.11053669235609344,1.1894236741864148,0.04043582474869721,0.050303719818922336,0.0,0.0
makhado,0.1916836960352035,0.03133218407565998,0.08043906090834271,0.014449122078943529,5.84796376465379,0.12385561412516657,0.057356133805249794,0.0,5.913504775825516,0.003370325637020511,18.088593379541845,1.0861725166867897,1.1294252519508399,3.766347139882261,0.004335642655621708,0.0038572654410571772,0.0,5.0915849747718624,0.03710527628291063,0.15832457786506338,0.009640740325164508,0.06456179534351977,0.000962464583753625,0.0
makhuduthamaga,0.097681269167114,0.015448971982433843,0.730355955606014,0.10120027847438864,5.718827778711526,0.05483493060919724,0.006862332123193615,0.0,16.954601984526295,0.008564677242428563,13.422056677792517,0.0,0.015451559508238864,13.084868847625838,0.0,0.0,0.0,10.89743661398447,0.09770810867544161,1.8278138738919636,0.0,1.3035046962059922,0.0,0.0
maluti a phofung,1.8995176274221288,0.11498717668520048,0.9192529548882777,0.024264397305638598,5.044424023718065,1.1586771741626214,0.14636483432718633,0.0,4.578998201568082,0.1777699425196516,1.1113312980966812,0.008074651471199734,1.4002001687636043,3.4290466266341975,0.0,0.03239913751539178,0.0,16.58586242012249,0.08650821634124586,0.34473674915156394,0.052583138728157564,0.15603121610005738,0.0,0.0
mamusa,0.20055808836379907,0.019653813863695777,0.01966852026409777,0.22525268789827624,6.793896982714474,0.000984785216389233,0.010804214549134017,0.0,17.32515792568145,0.15735944404802155,9.92014984256148,0.0019646611753923893,0.29976479832455283,0.3145463730496219,0.0717985255560523,0.04029291415114758,0.0,8.65697378319752,0.11012676867995347,0.05604485655636372,0.016708619863715732,0.0983060965534687,0.0,0.0
mandeni,0.14432405998327316,0.08159229071198322,0.07525815436862328,0.06277701877111556,1.3433985537022208,1.7634862611033975,0.5270491529764221,0.0,9.756974199029665,0.8916268238392066,14.91686029438565,12.53954031699816,2.409797376069235,23.49751499129784,0.0,0.0,0.006278634474086192,3.4062592697789587,0.15063485806838456,0.3703538196715292,0.05022193293222186,1.656461010375534,0.0,0.0
mangaung,1.159065740933102,0.17577065330729302,0.10025936095695391,0.07578954022777729,2.348144014004417,1.110902262704384,0.14803746356074027,0.0,4.672965924042483,0.3562310272488737,3.390064347238791,0.009826946540977283,0.7009037301516816,1.917126640131415,0.08178087374064157,2.043822191531544,0.0017528075442324253,19.793946659951413,0.04249619187397059,0.6219211041470798,0.09157121649679897,0.1611666479564853,0.005263706746400728,0.0
mantsopa,0.746920856577461,0.015419372721269638,0.6909459072596954,0.013799464295552294,4.8416579196410074,0.9340136669839721,0.010549486393313323,0.0,13.71525386256565,0.08931196777318169,2.8976394834707797,0.004043547765476675,1.1397657477141805,0.2954771664040892,0.003236145197836926,0.0,0.0,29.269609943930703,0.08522857119830704,1.0921469682666909,0.042198802862917446,0.16312686921814343,0.0,0.0
maphumulo,0.027245474639385033,0.0,0.13216329329255624,0.0,3.949985501771438,0.06217600379001653,0.0038804257661440656,0.0,3.8874366606794837,0.058267537960829306,31.68585390466309,0.21804430065764563,0.5793948737619158,21.79148179723572,0.0,0.0,0.0,2.2822741801526614,0.02330053148227469,0.11262601301366763,0.0,0.9097275603079098,0.0,0.0
maquassi hills,0.24806309991087738,0.04019817772194165,0.018248637420189017,0.21762019677296712,10.226415238294031,0.07968017723473625,0.017435306417331105,0.0,14.840792884713025,0.2656441304280466,6.153594825680758,0.04020648464986442,0.4812595437573396,0.40273396423312735,0.11375393670768856,0.04018034288170972,0.0,29.41259694613098,0.07053610987341133,0.04620675645341067,0.0242667927260518,0.1395359380837524,0.007571084406992459,0.0
maruleng,0.14270108558082875,0.021403770479400515,0.021393130004675676,0.03361735574142428,3.4873163917804777,0.14586228459816897,0.2904889819624229,0.0,2.2784883178258344,0.17211616894948692,14.696201168745754,3.632634157342363,0.09784416926630639,2.7209854756517347,0.0,0.031636205229352156,0.0,3.126344291817077,0.2108859937575492,0.3474438317421075,0.018346066950078836,0.07948789128566595,0.0,0.0
masilonyana,0.8099436530074272,0.011611229621469328,0.02273524619157913,0.021666841281991672,2.470909748693344,0.2609228162616019,0.012661065042068008,0.0,2.9585980214423113,0.3013044694434869,2.471899005057049,0.0,0.5479442387894742,0.2049301872511865,0.06555494794123978,0.0126551916072862,0.017908236155779883,20.425705452188232,0.028011811469957664,0.0581255893308807,0.012669171877648926,0.094589435280226,0.08112395031636342,0.0
matatiele,0.6290598752103987,0.013437077324716344,0.3089247709911272,0.020553171645462186,4.45209618592917,2.59150159376079,0.0,0.0,9.350993745946072,0.39056901168613745,7.274753822820338,0.0,0.7913913773202356,5.799644553821363,0.0,0.0,0.0,18.22607518274725,0.059315904119677076,1.0301288518977014,0.017388576027489677,0.6370833822712623,0.0015817118666107749,0.0
matjhabeng,0.9816599004161514,0.15442193681970115,0.021613033253507496,0.03645210321748801,3.8926478078992566,1.0315662348623902,0.14640019479451197,0.0,12.571564334268292,0.9681285447022677,2.483946189943352,0.009897359621019454,0.8729694151161577,1.7689370185436226,0.0921176992106528,0.15629080717625393,0.10690460531483312,14.794243761806579,0.0457324348212786,0.06686447528385678,0.11925124244297385,0.1421049044401276,0.9583418951685057,0.0
matlosana,0.25755230058600753,0.2547984894441012,0.010856254129307517,0.0779998107460483,7.142451740804454,0.6452932199530471,0.22617113317628648,0.0,18.17118465966134,0.06311687690083287,8.154125427616634,0.029588094832239835,0.780569425539899,2.5274302552209216,0.0947846339204838,0.361330895979251,0.06420909123241539,19.712995518990855,0.04048417721915486,0.010857738461094921,0.08789807275078573,0.17664374991115314,0.7161140809603116,0.0
matzikama,0.03841818306229278,0.011330246827783667,0.21190767771998464,0.22509423377529125,2.3987607658058345,0.08891604005196323,0.0356002371731297,22.4975885087704,12.244167256941044,0.05797799595742367,2.53845272231671,0.8822167558486151,0.027433873659717892,0.0798482966494326,0.35667674356303186,0.004745334580530497,0.010514364053335546,6.355765983809449,0.1270094556386216,8.75320837399204,0.010019670414361515,0.06105129257247267,0.08407555281015375,0.0
mbhashe,0.03271199183424307,0.006132771426496075,0.01124671968097161,0.007159169061425438,8.27853298961776,0.08486797272321836,0.004086464826673447,0.0,10.401081205100768,0.26181434485696015,35.46249100972896,0.05225259525554508,0.7499777622596603,13.27087007661483,0.0,0.0,0.0,13.46323446954049,0.02146906745535849,0.5064076778117482,0.0030654348475430077,0.7849355659290547,0.0,0.019454333351732335
merafong city,0.5366775421055093,0.1641292435935827,0.14445846074486968,0.07440359755745525,7.218747828583114,1.1512546820800336,0.19475889189131984,0.0,9.896247468898771,0.030602367648401966,6.009443557989286,0.013120990007757724,3.101117053654159,2.577908464265749,0.1421944160069561,0.9817905341892575,0.26700310004758504,12.380087396894055,0.08318564339753381,0.20794293745927167,0.11598800927065614,0.23420678760599187,0.8842286724643694,0.0
metsimaholo,0.4463514156327683,0.1405246208882724,0.01241063573219031,1.2203565401269152,2.592787032012399,2.676258154642258,0.378146296703089,0.0,18.02995429970627,0.19018238952106478,1.511063063427409,0.0,1.1781736366298112,2.705935526233851,0.1135972855332015,1.1556950025819268,0.2252363449111539,20.933417334087846,0.07236447544608356,0.19655527112499807,0.2479225829006496,0.2172036015105669,0.2623309767671322,0.0
mhlontlo,0.07351950726700243,0.01184293657844616,0.052096746748009085,0.03911517906419525,7.9256292312135495,0.9206199951586591,0.0071180284492988015,0.0,19.78510336659139,0.3812774547527719,14.77263901662104,0.0,3.7775639962146217,9.442948517422554,0.0,0.0,0.0,12.405935071755769,0.04974896241477568,1.9250822279804753,0.0023729980923421225,1.0416308540772816,0.0035564611409987634,0.0
midvaal,0.44682192916751556,0.11364645104397987,0.03511344710519271,0.07644873658089,4.224684428450079,2.9511957571588514,0.40893840692363786,0.0,18.88304322578868,0.08893383763047713,7.883744018707032,0.016528949511061996,2.7741426755588674,1.8223862250412657,0.030995557019710972,6.637933202578244,0.05165971375948347,17.98929165412235,0.09920489353126297,0.21697847965173242,0.21061478829744001,0.9628454899028344,0.053722687022012654,0.0
mkhambathini,0.37805157779542203,0.015908288390154783,0.039811998241240126,0.0556795615660618,5.55223203951667,0.7600955495191976,0.3540370086177922,0.0,5.469208962070718,0.11917297092781746,25.587610012420775,2.950363095605776,1.450405428118178,5.817581017961126,0.0,0.679968966731043,0.01194366397705008,2.4442539569335864,0.04377855033018682,0.13526015994984192,0.007953538471471807,0.5331647246668119,0.0,0.0
mkhondo,0.17675066603715966,0.03041937669162395,0.18696332545427227,0.042765467588262523,3.799303070252523,3.8305886843441774,0.04851918438224624,0.0,16.260259078132137,0.07463480151642297,10.337926992171782,0.023171102364654007,23.18292303170156,1.7895685290288272,0.0,0.0,0.0,8.687299870101372,0.1571735167875479,0.26743995254929775,0.005793740110306265,0.5492394253204336,0.025362335296059323,0.0
mnquma,0.14153028934031356,0.009668510645211363,0.017186647710847245,0.009666393691550172,11.384115366371732,0.15027779952502376,0.019325926027605318,0.0,13.762710815486725,0.09353446091928494,26.98609695192857,0.0,1.2939512396637916,12.989949500204261,0.0,0.0,0.0,13.885404491345612,0.008596022097760154,0.371367556505559,0.0,0.5895562391651873,0.003222241615125061,0.011846244280832849
modimolle-mookgophong,0.27382398423835497,0.02273283442885674,0.30142371897919923,0.059074027304212774,9.025488150195455,0.6178424623506117,0.07304031922654673,0.0,7.527709384218155,0.0013989886640128676,31.595356402238345,0.20414087344884482,0.2201956060515606,0.41850466230776706,0.0,0.19537867438803172,0.0003494283516999191,13.65465525734389,0.07863947082197707,0.10409511551730859,0.06671771076001314,0.02657108528146163,0.024132345938101037,0.0
mogalakwena,0.1677125382546457,0.03379308200639522,0.37500383373139123,0.07991005969422352,8.361120547194494,0.14498565842225802,0.05395918932296445,0.0,7.461621618536305,0.04201324673585322,12.611959108688648,0.05983893459749789,0.07220605378498239,3.6818378111041117,0.0,0.1251246057466393,0.0355329528481391,8.490977996449255,0.09459929891535175,0.2586527275777105,0.014230724749187833,0.18986201309493742,0.41805643630100314,0.0
mogale city,0.1917301150402729,0.5170937714517081,0.2502998665043445,0.23713338507078804,3.221320362407989,1.840398840770573,0.8952204687325109,0.0,10.535358802029242,0.01332758553856226,14.799371807327445,0.12511042503641046,3.648495020778359,3.3925201778942697,0.015984438525486755,6.280475444849977,0.0,12.144078897283464,0.08525257078639994,0.14922810083559385,0.087961722499036,0.889625459005599,0.43988284351560386,0.0
mohokare,0.5589871934214009,0.0035361491970778386,0.31746878559518915,0.01531447243409976,2.20700328932281,0.8987982900351104,0.004717228546696596,0.0015772664651343311,2.640134872860835,0.10328531382622201,5.904438601978898,0.0035397817948859328,0.5796565847125577,0.12496400529533125,0.18562664470301898,0.0,0.0,10.79206336735913,0.055818870918784146,1.4203720835059563,0.010608360141224167,0.06829250437010134,0.0003929475405592324,0.0
molemole,0.06243880547112392,0.017104477409583485,0.007046745242016608,0.02616833580533715,12.7188070411807,0.18913991300472616,0.017128904628162564,0.0,7.386469697558865,0.001006783787776779,11.711372285421765,0.14188241349035718,0.37831892790865,2.8423202661082105,0.0,0.020175273266976573,0.0,16.172186146073752,0.10468157325532407,0.11980456276586268,0.0,0.13884055917323285,0.0010055384227942016,0.0
moqhaka,0.4328295300243979,0.03927580541464584,0.009332484886846992,0.016924349442087365,3.590484391296725,1.4638648942489847,0.050797224230604024,0.0,8.95287051041471,0.19200565061677224,3.340368268913817,0.009789806693616235,1.2781612341241526,0.3899518085715313,0.045558664341688995,0.19909964217906612,0.01775489980913907,11.623675605034197,0.04994451227524444,0.0830474536785697,0.04459623763892551,0.15331401426009592,0.053735442501194775,0.0
moretele,0.10586281057890272,0.021677197355029452,0.03368084195692789,0.024065093485193558,12.635580055857776,1.8195361069888532,0.009623350481405833,0.0,5.408810728918033,0.07215955418107328,17.847643931318412,0.0,0.07692816838762262,10.103239490228168,0.0,0.532248199561983,0.0,8.778131683146402,0.03608374258222117,0.024057273036403044,0.004817835440852682,0.2263424260862655,0.0,0.0
moses kotane,0.21298703282810966,0.025219306582204414,0.03212273589284471,0.2588067332624241,8.146454964588942,0.021415973018108485,0.02900535365757424,0.0,14.254036699167774,0.0018885555596046383,11.74987155313811,0.0,0.023314626830900645,5.139844721347527,0.0,0.06667975901725644,0.025164276512158176,4.426152279684477,0.04217494550630484,0.2596578522705937,0.038472501279136935,0.07809711439689855,0.08879784750559278,0.0
mossel bay,0.0627800150929567,0.15220452478675325,0.2458471712710276,0.07605568947005013,3.135389578446229,0.9383062017314503,0.305962799481101,16.903300655175084,3.661425320589076,0.0958789195261938,15.122598869318436,0.24933070960222212,2.114978714721466,1.1180871057097048,0.03472509817403183,0.10415410858107149,0.0,15.31262978231492,0.08429769283285128,0.18014062170802173,0.17366294722080308,0.2264443837987148,0.0,0.0
mpofana,0.8071615089504703,0.011896840200579508,0.01585667756387221,0.0019804209962187565,3.7465592436899784,3.3913958232724015,0.02379296664119241,0.0,8.10836159983791,0.12288297120519434,8.430286926984868,0.007923550828067196,3.876889194698221,0.7392648851483462,0.0,0.0,0.0,16.825855223474246,0.039654001595163954,0.2812208256511507,0.05552880499535488,0.3944131157669455,0.0,0.0
msukaligwa,0.6494203708481145,0.032685108290140166,0.0925860884846587,0.22615978013383173,8.155427621294287,6.338321824493997,0.048716126763386186,0.0,26.44523475623225,1.0754923133042267,3.2297928426147267,0.015432909011992731,10.713937993494584,0.7740851869547205,0.0,0.03269197298331223,0.014262267152764478,20.87973737226337,0.09685346420788837,0.12768631289631646,0.01425696325059837,0.1378731931581464,0.20670914559732045,0.0
msunduzi,0.15674796849051484,1.0092060961664777,0.013834858304396494,0.0737342934164401,4.390363807852573,1.3649952583064993,0.9448573352873725,0.0,11.164600253997184,0.03687275642411643,17.795276298431816,0.4886568469223582,3.3468916406359717,29.252247631803737,0.0,1.5769765602266954,0.0,3.920760372631011,0.046088356045768955,0.06915326127941149,0.6359131149130297,2.92373230051509,0.0,0.0
mthonjaneni,0.03846016124550606,0.010672845718513563,0.4291275654908316,0.002134227435797935,2.3383596150130597,0.36100326949010575,0.0021356823853229145,0.0,18.66506224182842,0.008541243656053481,29.3877824992521,3.5212180515607905,5.961487516110973,6.584439539928451,0.0021343000564563773,0.0,0.0,3.342091605366882,0.0938986370899707,1.1563877786251615,0.023501662544379298,0.976124570455859,0.0,0.0
mtubatuba,0.5164958764840936,0.03567247675579745,0.20822184397951304,0.13001514939354136,1.006471599916357,4.495656837013013,0.01961028671422424,0.0,10.024033128767876,0.5665603376409722,20.488439282674413,1.955809525060535,13.891264364447734,10.511792294933343,0.003567786420480057,0.0,0.030288750054811013,6.090053881589691,0.06055871382704007,0.46131634395860976,0.026757065868445885,0.7517055214736488,0.23882292254863619,0.06951155656144076
musina,0.08636046063728976,0.015273380492896869,0.06820046163653017,0.06471568469397855,0.9968238792758868,0.07002413725892927,0.02310691201962908,0.0,9.251776335132769,0.05259548598836989,3.4611151099319604,0.41865079643804887,0.024174345632594713,0.5647534785074827,0.0003555519058474728,0.028790829430213143,0.011731198194122376,2.8941931684054363,0.0341388177293489,0.7814971661906267,0.001421169893392688,0.05618965748354173,0.12336101002650948,0.0
nala,0.701935903723095,0.023075077059904008,0.022267168254607513,0.005139693615322937,2.3692150947319917,0.4911242789033876,0.045255671302630654,0.0,9.435959571576861,1.8293157608953143,1.9858445721327012,0.01881480555656794,0.5531403455385834,0.41780328621898555,0.089916508034525,0.0017140420243839912,0.0,4.457093942120862,0.033327814573774664,0.018808566849718652,0.030773283922154063,0.18895114715608857,0.0,0.0
naledi,0.09601053502652807,0.020729705530008802,0.013654217221759484,0.025261955765804252,4.246991597516058,0.0025297894612907926,0.021734539249816068,0.0,12.066379699174835,0.052595756706013005,16.74224191984929,0.0005054653336846977,0.211792108037279,0.232054409032679,0.041484246953215544,0.09813082360686293,0.0,6.698362337400666,0.08444541803132483,0.025753422469828393,0.012118837605447606,0.05913837187562949,0.0005060619691149169,0.0
nama khoi,0.004229530402965489,0.010235303749598182,0.3247663191392687,0.2322329246570059,1.3304598918050607,0.0001914764826830498,0.008311009965481106,2.6596280224109097,2.7957828658104407,0.010931474790119447,0.46686865801083927,0.03639657601871135,0.0,0.1176017418329351,2.800270207187848,0.0,0.0,0.24625221035770878,0.08039943060071729,8.430663715604194,0.0038648261335225637,0.021219811949261962,0.026279512638285214,0.0
ndlambe,0.04518625559593843,0.054271756129655006,0.027120063482319687,0.010846765604309956,4.691827970617055,0.07409400620433701,0.01809017608623862,0.8371306146396493,12.017546246390891,0.3836290572758759,39.577175306227645,5.669058115240356,1.4074569198104605,1.3046435152564146,0.012663415200401372,0.12650065098130184,0.0,13.703547098079374,0.1392006062016191,0.35806581873808824,0.04704690120833717,0.0831728886066701,0.012650398919562239,0.0
ndwedwe,0.02252073707996723,0.006438802768516561,0.11586927953565733,0.0032188849575093418,2.301101154146636,0.12237738819596963,0.003212258131612152,0.0,7.701835192663716,0.05465660039441592,30.15596293278529,2.064523549420072,0.8174725405036204,21.7364196082853,0.0,0.0,0.0,3.7544059861079444,0.025758411367574837,0.045065133192652665,0.003214911709164576,1.3073523201523733,0.0,0.0
nelson mandela bay,0.6471565394017978,0.8226743757193223,0.050810488798707566,0.30149297594198043,2.2000356477226197,0.8779305869514626,0.9984212040324553,6.696715220572819,12.694178098565182,0.36092770120253376,39.971185272288494,0.05071587218754445,0.4240981903027408,10.460840816682035,0.21847716394588987,3.9073497049933703,0.0033852294833747023,4.07218810355579,0.262456146105392,0.24393632763125925,0.9497560058827561,0.30170730750124963,0.04918628521886892,0.0
newcastle,0.404802748565182,0.2413842483569694,0.060670513976580256,0.2472441872560589,6.2517164851019285,3.2225216990664753,0.23752511158458237,0.0,7.559089439332929,0.07225603468327892,6.567580911985344,0.015228687599287567,4.38393829240199,3.889326351375626,0.0,0.0646404552979943,0.20330388680632264,9.158889299498606,0.08169466969924709,0.2603991856383033,0.15967136658634073,0.6194205599693416,0.15966926327169717,0.0
ngqushwa,0.061598291805481216,0.004740284352727791,0.009480988807004752,0.017362155778659745,8.83337193249834,0.06636238939043473,0.0031584302060180293,0.0,11.757451455004418,0.16296476086321987,37.867701496129314,0.16761723766093234,0.25322764836466555,5.245754433876559,0.23062549627007609,0.0,0.0,9.883552660350999,0.07118280638282956,0.5250121300984794,0.02218900232222815,0.24821665330444062,0.006325163515373385,0.0
ngquza hill,0.015149764609483503,0.02477855830069272,0.09917496326115725,0.030296449751675045,11.654197138773961,0.11700483888641228,0.005512593301750352,0.0,11.88746569755234,0.06885182802395123,25.070044860378598,0.8438424629227022,2.332728979342193,12.372507348513215,0.0,0.0,0.0,10.985773042924897,0.03029935759294779,0.2781994117090034,0.0,0.8545388464591417,0.0,0.0
ngwathe,0.5348914639100059,0.03204546954147694,0.008522499028769377,0.03352832798720512,2.50368374927784,2.261852702025651,0.03158438111895347,0.0,12.946082184536323,0.1749690435363809,2.2561434170897603,0.007021503431976153,0.9504395639993688,0.41629222153051426,0.04369605806917925,0.03657012940541092,0.004018220227035784,25.902601847823465,0.042099934696582436,0.14708806691076645,0.0630389910935648,0.18965197648790694,0.019586466604799162,0.0
nkandla,0.0095654391017993,0.011479156922557826,0.41693647010792423,0.0,5.558377184424954,0.13004573666784555,0.0038286152856322904,0.0,15.548401971912522,0.06700710603393491,31.898286829089738,0.29091321256317976,2.1636531839741204,7.291347559519809,0.0038256956516753912,0.0,0.0,5.685967941766984,0.05162750026981448,0.25434149490341557,0.00382540100258119,1.6984091618628774,0.0,0.0
nketoana,0.38155247686094057,0.0169652236647424,0.016994941480150436,0.008174460449811058,2.1354676699895876,3.6612605423170717,0.027666700331773066,0.0,18.815771774743933,0.30805336975462505,0.2790745045932648,0.01068904824421002,0.9506203212515292,0.25511946515497824,0.008170324194340812,0.0,0.0,28.169840000781228,0.04275593757441178,0.17543545577556474,0.018211293913244678,0.16537374745659747,0.0,0.0
nkomazi,0.39020278497502864,0.03683086197392928,0.08103232483485057,0.06619602907860425,2.6716377077703153,0.722065847814325,0.0991547418604122,0.0,0.4260039555463578,0.3597847535615714,27.905803459814187,13.7584383480274,0.424061069133241,5.709341998153008,0.0,0.0037585206310519607,0.0007513781521352166,2.5267637626464303,0.09319885450369363,0.23651617445501008,0.04129876581392713,0.11885361372857746,0.00903038805025988,0.0
nongoma,0.022596502730694665,0.020977453470229987,0.2630025686698344,0.008080450284172484,5.496095583903985,0.2389155411690498,0.0016143152871751232,0.0,15.774554830457149,0.0646156117971651,34.23892143158924,0.0,0.0936122612660505,8.837627845261933,0.006451582651058706,0.0,0.003234707246660773,13.974751844800327,0.16139386687099627,3.9647990150975208,0.0016136175712279947,1.1410562041239458,0.0,0.0
nqutu,0.04467550794393639,0.02858225719422861,0.2665011959749678,0.012510440381492655,5.430553888586659,0.1804349795207011,0.001789108337595767,0.0,20.028356678881796,0.07505274264148318,4.705365592894406,0.0,0.2788999181226371,7.5308930205991125,0.0017864828054912883,0.0,0.0,18.17001452321595,0.07507709821327388,3.9050416068467753,0.0017866030591251298,2.2181891479497255,0.0,0.0
ntabankulu,0.014812155822815332,0.007405386265200791,0.10857805781566625,0.004929399973005139,9.609589982341761,0.4711504617462588,0.0,0.0,18.744234187289422,0.4521167350410152,21.620066472175168,0.0,1.406191389832226,11.404703874437935,0.0,0.0,0.0,10.56925158262897,0.03456918139233439,2.1125315617396607,0.0,1.1032293184337203,0.0,0.0
nyandeni,0.050746459272526134,0.004123150364977284,0.006865246657806844,0.02607562558811847,6.346364536301336,0.4773340009429627,0.0,0.0,14.108237400418297,0.11272971431447161,25.462442911104937,0.0,1.8563149506957775,14.306151604706514,0.0,0.0,0.0,15.590228791670626,0.021961783015986128,0.24278938145704945,0.0,0.6367995282654078,0.004117077121875604,0.008261346387949703
okhahlamba,1.7942976159563813,0.005280816764941656,0.2147295303061989,0.004397822530997338,3.70058492693589,0.9914800257785126,0.016724184797682617,0.0,6.942089587375576,0.1539676056829722,6.1403593925158875,0.009678349765949088,1.274589665724136,4.077489161598195,0.0,0.004389146485302357,0.0,17.325789913894504,0.016711650277465857,0.3536765181370727,0.06074191904544739,0.6695644606096677,0.0,0.0
oudtshoorn,0.24949188861264723,0.05444039880357881,2.8263916191663374,0.0469428392767364,1.8930754511047847,0.6130402709859796,0.01408006140628287,15.062891939594989,19.66272631012181,0.015027055197602406,11.771589261162298,0.13224341772453138,0.039410404791217386,0.4702052753169591,1.0937429657324034,0.0,0.0,6.825494005674352,0.20369672883069487,3.713544852302031,0.02158724749878693,0.23930208318693807,0.0,0.0
overstrand,0.09222773456491036,0.12761167930838746,0.36673472558786185,0.06079250299471398,3.3537714369810474,2.1287503479048793,0.11779332558912838,9.067809150053654,3.894647568411115,0.8931997980970999,17.32655352222831,0.7025416619988426,0.7489978299652071,1.3803460626613469,0.0,0.054942858019252465,0.0,7.113560132667914,0.10800375623049385,0.8620348781671764,0.17856450844378993,0.21603880258930933,0.0,0.0
phokwane,0.289551204785961,0.2894918610854465,0.0383095625486754,0.03831247740239661,0.6128730836818944,0.03405540497336611,0.195810903761048,0.0,15.154563969136067,0.08940844956277276,16.09742433587842,8.293863140113443,0.3239240980973398,1.673343442822841,0.11917847312449445,0.008526354734549432,0.0,22.804317748555594,0.085168196097601,0.029808310403048783,0.03831393635670546,0.3021843093704513,0.004255479954753383,0.0
phumelela,0.2793962180047748,0.008175378911912693,0.07282765910575649,0.009460847640851857,3.1541146434681226,1.7659977821325585,0.015500126069321694,0.0,4.072008061222322,0.12788607722512785,0.724976468862866,0.004312043269186792,0.8683389590265282,0.13983305029206128,0.0,0.0,0.0,21.947674023465485,0.05037065073306557,0.2479098913747285,0.007302772115709143,0.12652173215183418,0.0004304272735102412,0.0
polokwane,0.12755497246784556,0.2009746155862431,0.07353141083589547,0.12680727651378076,8.099587222541672,0.14048893570691803,0.19308338543989914,0.0,20.056658712028224,0.0071999591070319455,18.081607159293128,0.07348781865033634,0.08870659475376319,9.096598409841505,0.0,2.1548468645475882,0.01874510860799684,15.786442198224465,0.10879659335603777,1.346166659048288,0.05908579763862679,0.499840682872917,0.009375552292830507,0.0
port st johns,0.01579281063288239,0.0026347716884429872,0.02368124653228343,0.018450537325438544,9.887281382431434,0.10270619540670141,0.0,0.0,4.78958879448087,0.6792686084813884,31.795608259441757,0.31051206620159577,0.4368645403503016,16.047139321583913,0.0,0.0,0.0,8.172614636179114,0.005264416252710987,0.12635809953400148,0.0,0.4632065827507732,0.0,0.14498667483587044
prince albert,0.09698841125307973,0.0020521334420436545,1.937523416173812,0.007784405809399255,0.22144378590844402,0.11617087567813153,0.0036843496116869996,19.650984449274418,3.635245237893791,0.010256313249023824,1.5386414074924666,0.06974000983737617,0.011880959004094038,0.03284670438548296,2.4084152043687603,0.004519673939044933,0.0,0.3250432968520259,0.1521216234832212,15.320359772483517,0.0016393107759996057,0.04514582972502639,0.0,0.0
ramotshere moiloa,0.2147303955572653,0.017757450803135403,0.12173567334197143,0.04921853161169258,6.6273970296434275,0.020212868808233964,0.0266339794044726,0.0,11.146766306852982,0.0029536144177503974,21.607331421423428,0.0044372495080894905,0.2913104730336499,2.264916310463409,0.0024648560442573275,0.006410328203056392,0.0009823197164563007,4.0647869968706605,0.045282502464863955,0.26206696230630583,0.0039462836260342185,0.12464902630803731,0.045209552673767375,0.0
rand west city,0.3171309351744177,0.5218550720027835,0.09287499751004655,0.2817006298784029,8.24302122908529,2.386662925350086,0.5666720723837536,0.0,13.872235395815743,0.11204189247691947,2.4536880407227106,0.24359759249690793,2.7895072367953158,3.6187315805567724,0.13131361862406093,5.093239896174621,0.2308232169871932,14.535627589326884,0.118528192829818,0.19214756678563172,0.27540951029610694,0.566722798353448,1.2336344492923563,0.0
ratlou,0.16490692507875673,0.0,0.014640271008116096,0.029307051779903528,7.235637021339524,0.011000335769464431,0.005137039828514954,0.0,17.33763548284385,0.022761914369601777,22.143528768686917,0.0007323948317489923,0.10034802422098868,3.237050254788757,0.04030341064845565,0.0021942445488810163,0.002932563787521455,14.871167604637872,0.0725214007893005,0.05727803748025706,0.0,0.06964783679389623,0.07917207421819238,0.0
ray nkonyeni,0.2027520505140203,0.2810516103941873,0.26960426426658535,0.11278605053961385,8.248773675155183,0.24884389957390962,0.07372734546476432,0.0,13.461374273846037,0.1519535211464867,23.784752200436273,16.632275821429197,2.5651038957624035,18.068926494944563,0.0,0.027688827460262303,0.05061689852694391,2.5844273384427474,0.10591484091664795,0.1267652165764163,0.15216232872355634,0.9468372316266079,0.0,0.0
raymond mhlaba,0.18001262471120977,0.02166784544955032,0.009477241030504081,0.007925846942841675,2.7584763917636836,0.230882008109894,0.011628429511431972,0.0,9.50425885597727,0.03174651878903336,40.19428813737481,0.2483611601128982,1.0511657979823374,1.949547477127474,0.14482654446678692,0.0,0.0,3.606627367979443,0.029595788381137907,0.22298920747766962,0.01583862763105711,0.10564647403679962,0.0,0.0
renosterberg,0.21488011318270928,0.006227200482926524,0.5007065036158631,0.017425929908085728,0.3081660520105391,0.6836516033899321,0.02613586622711408,10.62631577328683,2.8038694820904975,0.16581343818763533,1.613819061610474,0.0,0.016813748905718996,0.06785300728595538,1.7927396709962224,0.0,0.0,0.39210546200805,0.05041946375101014,1.504942523303249,0.0006216464781331395,0.04855351844746774,0.0006216577682477154,0.0
richmond,0.2608438681951659,0.030862405717645716,0.014047786059304913,0.005606054527402912,2.8495702820993234,0.8808005345151406,0.039251753617982485,0.0,9.094557415811828,0.03088509914683388,18.593353247568224,9.898569013092873,16.367558740076213,3.737370553970995,0.0,0.07286252335375273,0.0,3.1970246012167154,0.016845289233119325,0.050500329938366624,0.03367524414029493,0.32565468147487947,0.0,0.0
richtersveld,0.010527702388950799,0.007255709049435704,0.3148403911712886,1.2838830337189344,0.02648586131679226,0.0003617291185445884,0.006911004830768216,3.233440439502372,0.5081190001937089,0.0500336627404889,0.18412091841775935,0.0010880387603154267,0.0,0.03637979074521909,0.9107045991891332,0.0,0.009790947876714052,0.04134450515757898,0.0828908591059999,23.373575597719114,0.0036317700950252345,0.007637463642776104,0.21417484267619594,0.0
rustenburg,0.8799135757127952,0.19544403336513552,0.5775707354622597,0.4833351939409249,11.127508651238085,0.38070860455515704,0.23655876610908766,0.0,16.362019779494222,0.03151064208519659,24.38642245172594,0.33242454403422583,1.8995354996976088,5.22799734587293,0.0,0.8358274919091202,0.3560970987356565,10.415260413352936,0.08720778564531292,0.28065619944078685,0.08407067024578223,0.23020415210534975,1.1493704786707906,0.0
sakhisizwe,0.1130759524070975,0.018859445182747323,0.4155382369206619,0.023216860080552713,3.710424303516374,1.0164403791828025,0.0057939740209230865,0.0,5.121141361761357,0.09293791603333802,7.726592010144217,0.0,2.8948865371575834,2.8495018343028096,0.0,0.027528411226052898,0.0,12.4747088450864,0.0391682618316594,0.4848926161639834,0.014487477530218222,0.4893948294745915,0.0,0.0
saldanha bay,0.024868460326141387,0.1939929830521661,0.1260254128548231,0.38982419367492427,7.290241824388912,0.1909027143034101,0.43458085688100706,7.436125049702395,0.3852045305534232,0.03489971222241165,0.6484681526402833,0.031523254084459176,0.1493618586495532,1.141297584837564,0.0,0.48435320214512306,0.10287162192025355,4.76926807657439,0.24388720484637758,0.6840989442647998,0.1459725819346262,0.14595692759501736,0.0912539068126033,0.0
senqu,0.06960987242525755,0.005125784955337715,7.880472084693556,0.00932580422097387,0.8844035782877258,0.6141527322300225,0.006514274053212931,0.0,4.891690514160673,0.0845023928741472,2.3215876119323915,0.00046867046987235925,0.12361520193805368,1.9337650649130587,0.012568383102919637,0.0,0.0,6.584074070709863,0.12227356960008744,4.20702872233312,0.004201763698791217,0.2715601401030619,0.0,0.0
setsoto,0.49561341516733876,0.0251489151477984,0.42834249055577733,0.018050600077497803,3.1708256033173985,0.9727784679643896,0.06508675536011098,0.0,15.286987813312585,0.06826970677179293,2.018037019511516,0.00581111756754742,1.308421796539013,0.4424666409297062,0.006423159113119964,0.01414276082990039,0.0,31.73296790327552,0.06833447639390733,0.9613114769265647,0.050938582208137635,0.19593264829241155,0.0006461611449607511,0.0
siyancuma,0.04710914362061581,0.0037832477228432,0.4206670199735903,0.1406219649206197,0.2799340014162502,0.017097548700302653,0.017903601967907315,2.4121646538465673,5.69211881196746,0.15959585502026266,12.602510677475705,0.06307109546148568,0.008204215480338643,0.05063359634788596,5.097381109054034,0.0012614345711798346,0.0,1.6461379457463616,0.0941204180812883,0.13851947392408473,0.003364168645578637,0.041638542491808817,0.0033582327419553974,0.0
siyathemba,0.013442476361287375,0.0030640487031541814,0.1811683427356875,0.15852434641347288,0.10719674494171039,0.0,0.033322536508987734,8.385107250169938,16.59600430540981,0.28860487006266755,6.796912033341898,0.09204942299014642,0.005181857902304491,0.05064874008255592,1.1523531228131574,0.0,0.047982974442195604,1.050867663618659,0.06842528740145358,0.9112926336205689,0.0025926639969556906,0.025203880176691656,0.018194708423747617,0.0
sol plaatje,0.20142682046597452,0.23739187682663565,0.1667722196328689,0.383934636335311,0.7506340644927039,0.06433244900098016,0.16038913044446657,0.006338998949709848,1.7640936749401357,0.44601429648273233,9.359583939976833,0.0,0.019000874107113902,1.4844502622746654,1.101348928617733,0.08246893864077723,0.02321223494417829,2.1088321281325495,0.10978955099351673,0.07809776458371978,0.058029239517004824,0.06650540033650018,0.3239327643485944,0.0
stellenbosch,1.4261010007576036,0.6576484606016284,0.5032337772903355,0.027715962659077734,2.7015458279561155,1.54512873130661,0.9389218082031362,7.791904302614114,5.1509031544193755,0.04356793625092429,9.68731036365214,15.742566684261675,4.238301490982825,2.4204330754997136,0.0,0.25760441807433065,0.011877959579968652,8.301896504897636,0.05547578484737409,0.47556837346742603,0.3685285742030801,0.6337421767565529,0.011887226313446325,0.0
steve tshwete,1.0419591296286828,0.11537400562778802,0.02793740091747776,1.2007074352781797,10.030612009015583,3.971134190022961,0.21911236704552667,0.0,23.662292740348818,0.5520513366506685,5.455693286626614,0.04320799974630741,2.456750575965162,1.73865056718595,0.0,0.2810420750542635,0.1659972937310583,19.61291000727702,0.1649817626367508,0.4810072729540258,0.07033111477966983,0.2162889902808086,1.8013940158918529,0.0
sundays river valley,0.06765280372140509,0.016634212209159383,0.07491945804616089,0.0027729419340775325,2.4409184743888783,0.12313390732735739,0.29617190692859025,2.8844943462905563,8.020848875482669,0.029385666763117595,35.12820061753373,2.7862743961664247,0.3153518028195286,0.358807662526088,1.4722920469046252,0.0,0.0,6.825082665611706,0.09377470179269073,1.1352176826834233,0.006094718414433603,0.09097361061469078,0.0,0.0
swartland,0.14032402646231662,0.053986706167325975,0.08983262682307301,0.06296726235368284,4.924007043311104,1.601598951297415,0.12866466254164718,9.53123309024531,1.5793187071114048,0.07823426167013049,1.5717331432025325,3.7368142968037077,0.27707179222193373,0.6136849363571988,0.015284295393120954,0.0017992791413246796,0.012587921683383456,3.37215145423249,0.13031021918430116,0.14384809660613102,0.029674092561129958,0.29767328344119637,0.0026969618616041486,0.0
swellendam,0.11797531785200126,0.014650738272843068,1.0216194898019886,0.01121917882324419,2.1941284975373496,0.9880959046451223,0.07244031285250067,10.787385703933465,4.9351830903036005,0.08115717776564485,2.577301382625548,0.7386965273322046,0.6344162474147901,0.19738132458176524,0.0,0.007758348753135039,0.0,5.6422100370950545,0.14314743260616064,3.131188373286242,0.024139852130091573,0.16217893994012772,0.0,0.0
thaba chweu,0.3952464523683212,0.02842899657843946,0.40513118020900324,0.04231961074101212,3.3071520406047306,1.9741740267246604,0.04550159315673491,0.0,8.40481768956176,0.004415345232989399,16.601916172544517,0.5774947134983709,8.35674360811263,0.9466841153312121,0.0006330978485374999,0.06253172550650596,0.019591896320095777,4.623282131574796,0.06889063902312567,0.3127432322199462,0.014527031228578586,0.15977818663328594,0.02401579880923764,0.0
thabazimbi,0.1532776058677001,0.009408447234072699,0.019408467227612792,0.06356384482506723,3.05379386141945,0.4705911642321386,0.026884430468442695,0.0,3.517122751518214,0.1064478523737012,14.608321210960755,0.009734194503320599,0.044999558450596444,0.2425300753186218,0.0,0.3758643749521892,0.03471683977463367,6.441405739561177,0.04337934885430248,0.08705225904381401,0.01621347600291462,0.01522995178449624,0.19355952844322544,0.0
theewaterskloof,1.8445474285859753,0.05265175738881198,0.3227725562322037,0.0131715105379881,1.3821850875740724,1.1616520536742736,0.17312137561001847,12.572531509726767,3.322750342100373,0.019226308759880437,6.859270222576931,4.901374959230296,1.7967504894830264,0.43621110349765174,0.0,0.04654420383967171,0.0,7.356889038447506,0.12659459120492803,0.3594220121956503,0.03846302049022284,0.36955586818372527,0.006070690102145976,0.0
thembelihle,0.05397539399638199,0.008195663259378039,0.40625091674820046,0.08386556669001614,0.1834229230404205,0.17006109110990564,0.009059718948539165,13.626092006589635,7.281479351293274,0.32130057319669164,1.001007613910425,0.01598374781995465,0.004317879291552398,0.05050510719330361,0.8588079248928843,0.004751206927976627,0.0,1.4341451962509069,0.033680367426359964,0.1952351533466737,0.0012948217079260462,0.039691066936087704,0.0,0.0
thembisile hani,0.10103314085745764,0.09945045440612235,0.013574436919778428,0.2684777559066877,9.045931150233578,1.3559189444209354,0.03768143915636127,0.0,17.94614026886227,0.060343321469703434,16.90673909516625,0.0,1.0079263737351616,6.751790521385844,0.0,0.0,0.009052478357624391,8.049097380392803,0.1161223253497913,0.2369498435275944,0.0015075445594507418,0.20955350008533488,0.006035588224455585,0.0
thulamela,0.1738176363014411,0.08206098863666184,0.019426485110540084,0.018072412848150563,7.472557202193678,0.10007561533317019,0.022253336122338544,0.0,0.6397768030975928,0.05142526573424732,36.82117011851517,0.9692591514607367,2.711408437151632,14.773099062053522,0.0,0.0,0.0,2.903862257410997,0.02360499202870965,0.15679602621869873,0.005559893737973264,0.02502165448627884,0.019412463424835318,0.0
tokologo,0.07751743583291386,0.0063913792413956404,0.22546345508747084,0.03196766921397603,5.269184109943909,0.31405416911577383,0.012797999024803226,0.007925512081492279,4.527627031411601,1.2146670377856594,5.597918587978459,0.03416548919310292,0.40679556277687084,0.07289505586053145,0.5994611870983463,0.007135541129368109,0.0,15.03796823859138,0.05411835791796184,0.03541430428498633,0.002253944171093623,0.049244335821328374,0.00829581667677959,0.0
tsantsabane,0.01697367662937956,0.007324113345885145,0.6714194212595213,0.2567981067183437,0.16157554253648143,0.0,0.02485985616316919,0.8049431985130858,8.243433402194547,0.017746125901847074,11.833426760940982,0.0,0.0026933348674064686,0.06631430362274893,7.831846117419009,0.0,0.013114443670156637,0.053740952842753736,0.08540903343853311,0.040031140120153456,0.0026971527600480705,0.021551641343458088,0.06777526549101427,0.0
tswaing,0.35557914507569904,0.013315544016614986,0.04720654657270352,0.03813058149595808,3.0186120102900476,0.24090433302202133,0.02360496043724418,0.0,14.366929962401837,0.7512171359303712,5.160512099449422,0.015130983502014526,0.8096625060037774,1.1090298359644013,0.01936349717794698,0.04354144160565733,0.0018173428787131324,12.976137512535782,0.07441209483557873,0.040493485797189276,0.023613888678035842,0.2287533372143696,0.0,0.0
tswelopele,0.28028309945600655,0.01344622548118712,0.09432823564194454,0.0032291217857162487,3.6442363000465425,0.473003845270209,0.016671289571834644,0.0,10.99123661034409,1.3180685523057944,5.273879257119017,0.042445038994186175,0.5736616021384146,0.14108618837916703,0.11518783458156741,0.012406587699608437,0.0,9.922946934819102,0.09899274410742177,0.008605315617874323,0.018295318113921006,0.08718652209069092,0.0,0.0
ubuhlebezwe,0.27037242154344504,0.028894681950660205,0.07216630507263364,0.018573013197944153,6.476428261048514,0.6747414952364909,0.033048064750306964,0.0,16.10324280542423,0.008249814380199779,22.88131192425699,3.427453911710425,12.588553348132912,9.02275853561239,0.0,0.0,0.0,6.625661596940875,0.02683227121682084,0.09492316969842882,0.014440337145970806,0.8914622247905108,0.0,0.0
ubuntu,0.20695654064697672,0.0023379936559291725,0.2718894519106835,0.010671965021461706,0.43290787003976483,0.12648822717992522,0.0036787937129344663,7.915139395901112,19.653603705891136,0.012520420514627722,1.287772288145617,0.033153584724203954,0.007518527204467551,0.027389515830849906,0.6540564634530106,0.0,0.0,0.19403363633889942,0.033363389310635275,1.6186179484919274,0.0035067695593581057,0.02169810608602339,0.0,0.0
ulundi,0.042101029032671496,0.029168392577473837,0.23973793296839066,0.015129883039794026,7.2937192947489375,0.2517338712075483,0.027015430604768603,0.0,17.162842074960036,0.19772740277032388,23.609927289982416,0.007567353014149533,2.5519701489483246,5.676942910828812,0.0032414254471555396,0.0,0.0,5.398078645445266,0.20197064544855228,2.584066594703954,0.012968518830554564,1.11436937529057,0.033495942278594835,0.0
umdoni,0.06961765531695946,0.13226620307576778,0.06260059510153743,0.01740399271136786,13.163624536512488,0.278356002440968,0.0034805792062811134,0.0,5.534133193991882,0.10093214250357564,22.414003050722542,12.66938032307845,3.9016735550114694,11.160501960534418,0.0,0.059151412934004485,0.0,1.9233228226167078,0.08351478761116625,0.1669962249224227,0.06615862624244989,1.144024797080458,0.0,0.0
umfolozi,0.1910940624105104,0.01347486739565646,0.026894075395958027,0.8911930038122028,2.6586438058069697,1.7010825044553581,0.07814901351602035,0.0,7.93807309741407,0.519832373636019,16.700224632376436,2.1778726456402557,5.644560001044382,12.115747388620404,0.0,0.005390642716823715,0.02156252467568167,3.9422390649463828,0.09151388555061242,0.1776616596140511,0.0215482678155223,0.866579024609132,0.04581265503887773,0.0
umhlabuyalingana,0.10029772968645927,0.01351441895344723,0.6791013658295995,0.004273169916287787,1.438526719320829,2.8835233210766544,0.0,0.0,26.345897104936444,1.8982806897247535,25.326097877822836,0.14230264997703074,7.027954067349043,9.116395412455239,0.00428423657532747,0.0,0.0,1.391835612968958,0.029878307958648286,1.803993007700939,0.0,1.0838299538567389,0.0,0.019158749459517746
umhlathuze,0.24944458515333742,0.45942334890016057,0.031176795186007845,0.07656504310232731,5.620173723790818,2.115591930349817,1.0236607423099522,0.0,5.502226699543829,0.7545625990418028,18.83293091557655,17.025866473275464,6.192055724318853,15.480933888705652,0.0,0.022661329912625774,0.014187314404359507,2.0462875487437096,0.30901715805153024,0.44236109748666746,0.20415196211395872,0.76250420734096,0.4737830371853146,1.0837466323615883
umlalazi,0.15605166360239464,0.05516478288838008,0.3324223927716701,0.08353599643854415,4.339361128438512,0.48534119814652554,0.015762351156233555,0.0,10.505073296545579,0.033099929767667374,28.778824303450456,10.35387333662475,3.228974252810128,14.440965568567675,0.0,0.0,0.0063093406110738505,3.954824776669196,0.050428398288944895,0.2079292892843841,0.05675247465544366,1.2999863833240617,0.1387965316616943,0.0063064928068009025
umngeni,1.865618420880395,0.05025303618977893,0.006845227039839042,0.013700364085615365,2.4652399738318374,3.443962576132885,0.11189066590923781,0.0,17.078319207433346,0.06163284293320928,13.136239444792198,0.46814215804251996,17.816084642351413,2.677251475170547,0.0,0.6899908929743077,0.0,16.664473066622868,0.015980518399763968,0.07303937887650055,0.18945906752666933,0.4771884955461389,0.0,0.0
umshwathi,1.478583971389181,0.027917607502883163,0.14506336926402996,0.029797640231214277,1.9330129391180346,0.9381758592995875,0.13035614996606282,0.0,6.806173969190175,0.06521749829048112,18.061028079720565,23.07926301989387,10.330384690542576,6.205679202671695,0.0,0.1547490032553622,0.0,2.015179975447936,0.037213394234473327,0.09119792649462034,0.0297809348357524,0.48206377511528775,0.0,0.0
umsinga,0.05740010164104025,0.01474579988302643,0.3023990504780481,0.023586588524452383,9.239386377096652,0.5395306108824378,0.0,0.0,17.441269407156867,0.2610603994635242,22.076280040175416,0.0,0.6518627586526845,7.105956583705828,0.0,0.0,0.0,8.382572533629867,0.03684551746890068,1.8757721007883432,0.0,2.5402710930580397,0.0,0.0
umsobomvu,0.2735606340515673,0.010551909475946775,0.4233099672942959,0.004516232321608927,0.3631839935003443,2.644810781153705,0.008550315074933673,10.122798492796132,2.217152260382942,0.022542093559960116,1.47941723460254,0.0,0.029660484001437705,0.09949380373242359,1.3355574639318646,0.0020165847882770227,0.0,0.7634383785360137,0.024556381170162435,0.35240255700653794,0.015086896873588395,0.046739125788057924,0.0,0.0
umuziwabantu,0.13223509472193876,0.0629570628148389,0.11972413287317588,0.0031500369243989313,4.56678803144187,0.5856531870688368,0.012591673007980513,0.0,9.69638453698275,0.0,14.954636864104165,3.993358733066515,7.73700733890162,10.206143532182539,0.0,0.0,0.0,8.330194810688115,0.059836419149652174,0.06928397928314727,0.053511065413295256,0.5859096079011867,0.0,0.0
umvoti,0.2294571930065034,0.027066159509229946,0.13533132871266754,0.0,4.383028480633502,1.10766204910852,0.025787448053743618,0.0,10.728507116742254,0.045091453559694676,22.06890157945435,1.6973810222913792,15.08315466582888,3.580699239274166,0.0,0.0,0.0,6.028049670068093,0.01932542645643263,0.4776652793344676,0.03093032049510588,0.6866672816756841,0.0,0.0
umzimkhulu,0.036732848176136576,0.01978727737791571,0.17682406386997038,0.015534930866790789,6.5858220603753095,1.9955874837729675,0.007068720918600428,0.0,14.255868450663888,0.07919310732285487,10.157106540480186,0.0,5.627718024634898,8.912370856081335,0.0,0.0,0.0,9.544781067905122,0.05655032524549702,0.40153800481982305,0.0,1.1816642232498071,0.0,0.0
umzimvubu,0.021262342076863398,0.01994584456968139,0.0929759131759177,0.0053150638238227185,4.6693217621833805,0.6510143179826405,0.0013282153543666437,0.0,18.2267182845842,0.22309457314854364,13.875965597002175,0.0,2.0861216945102665,11.376893636647107,0.0,0.0,0.0,14.274717437230404,0.05179184292325204,2.891717454873892,0.0,1.1610349705457423,0.0,0.0
umzumbe,0.01683119103718748,0.008421559798710952,0.19095316013929348,0.0,16.33177519663238,0.11785907831359978,0.0028076004433131544,0.0,9.322856592356842,0.02808973784015082,22.63137196923254,0.967981543800727,3.6073135628338577,19.31849462808608,0.0,0.0,0.0,5.6423556879068295,0.06736249216123813,0.09265778734481482,0.0,1.1368478268903266,0.0,0.0
uphongolo,0.1352689744242037,0.03859755033923376,0.1318159937945321,0.009087291084890347,4.530548295571393,0.4069609799557177,0.02384923345229774,0.0,18.73099834617587,0.23975757244538315,34.18312761283056,6.660618003371791,0.21151116009130705,3.4935373903409834,0.002274375265800537,0.0,0.0,2.992149018478128,0.08975983765191295,1.6494619858442825,0.005676460873779797,0.46108161140800014,0.0,0.0
victor khanye,0.8304696492535807,0.047907453363889275,0.018237863900452768,1.8449876648140007,8.65243978870715,4.795354629349946,0.38081305403267607,0.0,16.05300059021501,0.28505843177053297,1.544242035481978,0.015961592988021425,1.33133248214855,1.0286218777500113,0.0,1.1956155476672474,0.36885120232796964,21.28734694108933,0.1687512011911106,0.23717061053958743,0.0,0.7504815434765761,1.0108062575572294,0.0
walter sisulu,0.6244834506613259,0.005659618150736612,0.7213428542948047,0.014156060876229962,1.9621061296165805,0.8563396590847714,0.00874320916314765,1.8020259079834964,0.6426406079729099,0.06612811144583959,3.033893440372595,0.013147661318108062,0.08647464691760877,0.21548593993375026,0.35759570613335495,0.0,0.0,5.746238274446382,0.047956480766881734,1.5019313836430632,0.006176866572873351,0.061323895104734,0.00025849689904194987,0.0
winnie madikizela-mandela,0.06643032799246759,0.0226415883469286,0.08924305932519964,0.05672024260812738,14.004771137614236,0.3521060566027969,0.002830717869659451,0.0,18.106121928594803,0.06239618930145105,15.73673715123469,0.0,3.1592755972192363,15.132201086318137,0.0,0.0,0.0,16.96329359149647,0.0,0.3528260357278561,0.015593971809146994,1.5511582176195826,0.0,0.001417465741711254
witzenberg,0.4490895827720464,0.01187797265804614,0.8860452593376889,0.011854950799872482,1.8277209021752847,0.4772088038258484,0.04496208031186446,10.393851237312536,7.412744392462273,0.008742384199491483,1.438359015691033,2.241780146944135,0.37946363569499364,0.10003822967516177,2.341670024223747,0.001875557699753491,0.0,4.532844763356046,0.08180539649788914,8.578075466577525,0.018136638837731957,0.1448419393898032,0.0,0.0
